"This table shows the overall results to the Civil Service People Survey 2015 by demographic groups - covering job and personal characteristics. These results are different to the benchmark publication in that they are affected by the relative number of responses from different participating organisations (i.e. responses from DWP, HMRC, MOD and NOMS account for 50% of these results).  The Civil Service benchmark is the median score of all participating organisations and therefore is not influenced by the relative number of respondents.",,,,,,,,,,,,,,,,,,,,,,,,,,,,,,,,,,,,,,,,,,,,,,,,,,,,,,,,,,,,,,,,,,,,,,,,,,,,,,,,,,,,,,,,,,,,,,,,,,,,,,,,,,,,,,,,,,,,,,,,,,,,,,,,,,,,,,,,,,,,,,,,,,,,,,,,,,,,,,,,,,,
Civil Service People Survey 2015: results by demographic group1,,Grade,,,,,,Country usually work in [H01],,,,,,Region of England usually work in [H1A],,,,,,,,,,Time in current job [H02],,,,,,Time in organisation (or predecessor) [H03],,,,,,Time in Civil Service [H04],,,,,,Manager status [H05],,,Working pattern [H06],,,,Employment status [H07],,,,,,,Occupation of main role - major groups [H08],,,,,,Occupation of main role [H08],,,,,,,,,,,Occupation of main role (cont.) [H08],,,,,,,,,,,,,,,,,,,,,,,,Occupation of main role (cont.) [H08],,,,,,Development scheme [H09],,,,Sex [J01],,,Age [J02],,,,,Ethnicity - binary [J03],,,Ethnicity - major group [J03],,,,,,Ethnicity - detailed [J03],,,,,,,,,,,,,,,,,,,Long-term health [J04/J4A],,,Caring status [J05],,,Childcare status [J06],,,Sexual identity [J07],,,,Religious identity [J08],,,,,,,
,,"AO/AA  (n=76,109)","EO  (n=72,224)","SEO/HEO  (n=71,124)","G6/G7  (n=29,881)","SCS  (n=4,330)",,"England  (n=217,987)","Scotland  (n=27,527)","Wales  (n=17,730)","Northern Ireland  (n=1,788)","Overseas  (n=12,635)",,"East Midlands  (n=13,096)","East of England  (n=10,190)","London  (n=54,756)","North East England  (n=20,312)","North West England  (n=32,137)","South East England  (n=24,012)","South West England  (n=27,206)","West Midlands  (n=16,740)","Yorkshire and the Humber  (n=17,319)",,"Less than 1 year  (n=67,360)","1 year but less than 3 years  (n=71,146)","3 years but less than 5 years  (n=32,602)","5 years but less than 10 years  (n=46,667)","10 years or more  (n=56,654)",,"Less than 1 year  (n=22,338)","1 year but less than 3 years  (n=24,265)","3 years but less than 5 years  (n=14,229)","5 years but less than 10 years  (n=41,851)","10 years or more  (n=155,503)",,"Less than 1 year  (n=17,436)","1 year but less than 3 years  (n=21,966)","3 years but less than 5 years  (n=11,026)","5 years but less than 10 years  (n=37,745)","10 years or more  (n=159,611)",,"Non-manager  (n=194,326)","Manager  (n=82,125)",,"Full-time  (n=220,831)","Part-time  (n=55,010)",Job-share  (n=906),,"Permanent contract  (n=251,309)","Fixed term contract  (n=11,172)","Loaned from other CS organisation  (n=2,719)","Temporary/agency worker  (n=2,209)","Contractor/freelancer  (n=1,356)",Secondee from outside CS  (n=962),,"Operations  (n=168,633)","Corporate Services  (n=46,165)","Policy  (n=16,480)","Specialist services  (n=27,322)","Other  (n=14,773)",,"Operations - Administrative  (n=21,139)","Operations - Call centre  (n=15,932)","Operations - Casework  (n=23,783)","Operations - Debt management and banking  (n=3,425)","Operations - Face to face (n=27,005)","Operations - Inspection  (n=1,966)","Operations - Investigation  (n=6,018)","Operations - Logistics  (n=3,026)","Operations - Management  (n=8,689)","Operations - Offender management  (n=1,938)","Operations - Processing (n=25,927)","Operations - Tax  (n=5,391)","Operations - Transport  (n=1,210)",Operations - Property  (n=157),"Operations - Other operations  (n=23,027)","CS - Commercial  (n=3,692)","CS - Estates  (n=2,439)","CS - Finance  (n=7,415)","CS - Human resources  (n=6,529)",CS - Internal audit  (n=708),"CS - IT and Digital  (n=7,734)","CS - Knowledge & information management  (n=1,570)","CS - Project delivery  (n=9,159)","CS - PO & Secretariats  (n=1,649)","CS - Security  (n=3,654)","CS - Strategy  (n=1,616)","Policy  (n=16,480)",Specialist - Animal health  (n=370),Specialist - Cartography  (n=606),"Specialist - Communications  (n=3,481)","Specialist - Economics  (n=1,231)","Specialist - Engineering  (n=3,900)","Specialist - Health  (n=2,266)","Specialist - Legal  (n=6,520)",Specialist - Operational research  (n=990),"Specialist - Scientist  (n=3,649)",Specialist - Social research  (n=812),"Specialist - Statistics  (n=1,968)","Specialist - Other  (n=1,529)","Other  (n=14,773)",,"Not on a development scheme (n=261,348)","Civil Service Fast Stream schemes (n=1,838)","Other development scheme (n=7,696)",,"Male  (n=113,801)","Female  (n=129,184)",,"Aged 16-34  (n=53,159)","Aged 35-44  (n=59,787)","Aged 45-54  (n=79,789)","Aged 55+  (n=42,526)",,"White  (n=222,070)","BME  (n=24,001)",,"White  (n=222,070)","Mixed  (n=3,596)","Asian  (n=11,692)","Black  (n=6,534)","Other ethnic group  (n=2,179)",,"White- British  (n=212,955)","White - Irish  (n=2,033)",White - Gypsy/Irish Traveller  (n=462),"White - any other white background  (n=6,620)",Mixed - White and Black Caribbean  (n=718),Mixed - White and Black African  (n=340),"Mixed - White and Asian  (n=1,127)","Mixed - any other mixed background  (n=1,411)","Asian - Indian  (n=6,312)","Asain - Pakistani  (n=2,258)",Asian - Bangladeshi  (n=971),Asian - Chinese  (n=768),"Asian - any other Asian background  (n=2,151)","Black - African  (n=3,647)","Black - Caribbean  (n=2,369)",Black - any other Black background  (n=518),Other - Arab  (n=637),Other - any other background  (n=774),,"No long-term limiting illness/condition or illness/condition has no impact on daily activities/work (n=221,145)","Long-term limiting illness or condition which has an impact on daily activities/work (n=31,190)",,"Not a carer (n=196,482)","Carer for others (n=59,748)",,"No childcare responsibilities  (n=168,177)","Has childcare responsibilities  (n=87,976)",,"Heterosexual/straight  (n=226,992)","Gay, lesbian or bisexual  (n=8,361)","Other  (n=1,582)",,"No religion (n=92,302)","Christian (n=127,189)","Buddhist (n=1,360)","Hindu (n=3,475)",Jewish (n=811),"Muslim (n=6,092)","Sikh (n=1,585)","Any other religion (n=3,955)"
,,,,,,,,,,,,,,,,,,,,,,,,,,,,,,,,,,,,,,,,,,,,,,,,,,,,,,,,,,,,,,,,,,,,,,,,,,,,,,,,,,,,,,,,,,,,,,,,,,,,,,,,,,,,,,,,,,,,,,,,,,,,,,,,,,,,,,,,,,,,,,,,,,,,,,,,,,,,,,,,,,,
Employee engagement index 2,,52%,53%,55%,59%,74%,,54%,54%,56%,54%,67%,,54%,52%,57%,52%,53%,52%,53%,55%,53%,,61%,56%,53%,51%,49%,,66%,60%,57%,54%,52%,,67%,60%,59%,55%,52%,,52%,60%,,55%,53%,61%,,54%,65%,64%,65%,65%,66%,,53%,58%,61%,56%,52%,,56%,53%,51%,46%,57%,54%,47%,59%,61%,54%,51%,42%,38%,55%,54%,57%,61%,58%,60%,57%,53%,56%,56%,65%,60%,64%,61%,53%,56%,60%,63%,51%,59%,55%,55%,53%,57%,57%,56%,52%,,54%,66%,64%,,54%,58%,,60%,57%,55%,53%,,55%,63%,,55%,60%,64%,63%,62%,,55%,55%,38%,60%,60%,63%,60%,60%,62%,65%,67%,61%,66%,68%,56%,57%,69%,59%,,57%,47%,,56%,53%,,55%,56%,,56%,55%,47%,,54%,57%,52%,64%,55%,67%,59%,50%
My work ,,61%,70%,77%,84%,93%,,71%,69%,70%,71%,78%,,70%,70%,74%,69%,69%,71%,72%,70%,70%,,75%,73%,72%,68%,66%,,73%,71%,71%,70%,72%,,72%,71%,71%,70%,72%,,67%,82%,,72%,68%,76%,,71%,71%,82%,67%,80%,83%,,68%,77%,80%,76%,70%,,69%,56%,67%,61%,73%,73%,69%,74%,83%,67%,62%,72%,52%,83%,74%,76%,78%,76%,80%,79%,74%,75%,78%,81%,74%,83%,80%,69%,76%,76%,81%,74%,78%,74%,77%,77%,78%,79%,76%,70%,,71%,80%,78%,,72%,74%,,70%,74%,74%,73%,,73%,73%,,73%,73%,74%,72%,71%,,73%,72%,54%,72%,69%,72%,76%,74%,74%,72%,74%,71%,77%,74%,70%,64%,73%,68%,,74%,63%,,73%,70%,,72%,73%,,73%,70%,61%,,71%,75%,67%,76%,73%,73%,71%,64%
Organisational objectives and purpose ,,78%,79%,82%,85%,93%,,80%,82%,81%,82%,82%,,79%,77%,81%,82%,81%,77%,77%,79%,80%,,84%,82%,81%,78%,74%,,83%,81%,80%,79%,80%,,83%,79%,80%,80%,80%,,78%,86%,,80%,81%,83%,,80%,82%,81%,79%,79%,81%,,80%,83%,84%,78%,73%,,79%,82%,79%,80%,83%,79%,73%,75%,88%,77%,78%,81%,47%,83%,82%,82%,79%,84%,84%,86%,77%,80%,85%,89%,79%,90%,84%,71%,77%,85%,82%,70%,80%,81%,78%,71%,80%,79%,75%,73%,,80%,83%,87%,,78%,84%,,81%,82%,82%,80%,,81%,83%,,81%,81%,83%,84%,78%,,81%,81%,57%,80%,79%,82%,81%,83%,83%,83%,83%,81%,83%,87%,80%,79%,78%,76%,,82%,76%,,81%,81%,,81%,82%,,82%,79%,70%,,80%,83%,74%,84%,75%,83%,81%,75%
My manager ,,67%,65%,68%,69%,82%,,66%,67%,70%,66%,69%,,66%,64%,67%,69%,67%,64%,65%,66%,66%,,72%,68%,66%,64%,61%,,73%,68%,67%,66%,66%,,73%,68%,67%,67%,66%,,65%,71%,,66%,68%,67%,,66%,72%,71%,67%,67%,71%,,67%,68%,71%,65%,60%,,66%,73%,65%,69%,68%,64%,60%,65%,73%,53%,67%,64%,50%,66%,68%,68%,68%,69%,69%,69%,64%,67%,68%,74%,65%,74%,71%,59%,65%,69%,73%,60%,66%,65%,66%,61%,69%,71%,68%,60%,,66%,74%,74%,,66%,71%,,71%,70%,68%,67%,,68%,69%,,68%,69%,70%,69%,69%,,68%,68%,53%,68%,69%,71%,71%,68%,69%,71%,73%,71%,70%,73%,66%,63%,72%,64%,,69%,61%,,68%,66%,,67%,69%,,69%,66%,60%,,67%,69%,62%,70%,65%,71%,68%,63%
My team ,,79%,79%,81%,85%,94%,,80%,80%,83%,80%,79%,,80%,78%,79%,84%,82%,77%,78%,80%,81%,,84%,81%,80%,78%,76%,,83%,79%,79%,79%,81%,,83%,78%,79%,79%,81%,,78%,86%,,79%,83%,82%,,80%,82%,83%,80%,82%,82%,,80%,81%,83%,79%,74%,,77%,84%,80%,86%,80%,75%,77%,76%,87%,72%,81%,80%,67%,76%,82%,80%,79%,81%,84%,79%,81%,80%,81%,86%,78%,86%,83%,74%,81%,83%,83%,74%,79%,77%,83%,76%,82%,85%,81%,74%,,80%,84%,84%,,80%,83%,,81%,82%,82%,81%,,82%,80%,,82%,79%,80%,81%,78%,,82%,81%,65%,78%,78%,85%,81%,77%,79%,81%,82%,79%,79%,83%,79%,75%,81%,75%,,82%,76%,,81%,80%,,80%,82%,,82%,78%,71%,,81%,83%,75%,80%,79%,81%,78%,75%
Learning and development ,,47%,50%,54%,57%,74%,,50%,52%,54%,52%,53%,,50%,47%,52%,52%,51%,47%,52%,51%,49%,,61%,54%,49%,45%,41%,,60%,56%,53%,51%,49%,,60%,53%,54%,52%,49%,,48%,59%,,52%,48%,54%,,51%,56%,55%,39%,34%,48%,,50%,55%,55%,53%,43%,,47%,52%,47%,50%,54%,42%,43%,54%,60%,48%,47%,53%,32%,49%,53%,57%,55%,56%,58%,57%,47%,48%,58%,57%,53%,61%,55%,53%,53%,55%,62%,52%,58%,49%,56%,48%,57%,58%,49%,43%,,50%,71%,78%,,50%,55%,,59%,55%,52%,47%,,52%,56%,,52%,55%,57%,57%,53%,,52%,52%,36%,52%,58%,57%,57%,51%,56%,57%,59%,52%,58%,60%,53%,50%,60%,49%,,54%,43%,,53%,49%,,52%,53%,,53%,53%,44%,,52%,54%,46%,59%,46%,58%,54%,46%
Inclusion and fair treatment ,,71%,72%,76%,79%,89%,,73%,73%,75%,73%,76%,,72%,71%,74%,74%,73%,71%,73%,73%,73%,,81%,75%,72%,69%,66%,,84%,77%,74%,72%,72%,,84%,77%,75%,73%,72%,,71%,79%,,73%,74%,77%,,73%,81%,82%,80%,83%,84%,,73%,76%,79%,75%,68%,,73%,73%,71%,73%,74%,68%,68%,74%,80%,63%,71%,69%,50%,79%,74%,75%,75%,77%,77%,76%,73%,74%,77%,83%,73%,82%,79%,69%,78%,75%,85%,71%,76%,72%,79%,72%,79%,82%,76%,68%,,73%,86%,82%,,74%,77%,,79%,76%,75%,74%,,75%,75%,,75%,75%,76%,73%,74%,,75%,75%,54%,76%,74%,79%,77%,72%,76%,76%,78%,76%,76%,76%,69%,63%,77%,69%,,77%,63%,,76%,71%,,75%,75%,,76%,73%,60%,,75%,77%,67%,77%,73%,77%,74%,66%
Resources and workload ,,73%,70%,69%,70%,80%,,69%,72%,75%,72%,75%,,70%,68%,70%,71%,70%,68%,67%,70%,70%,,73%,71%,70%,70%,68%,,77%,73%,71%,70%,69%,,78%,72%,72%,70%,69%,,70%,72%,,70%,73%,76%,,70%,78%,72%,81%,77%,75%,,71%,71%,71%,69%,65%,,76%,72%,69%,70%,71%,65%,62%,73%,74%,66%,71%,63%,59%,70%,72%,68%,74%,74%,73%,74%,66%,72%,69%,76%,73%,73%,71%,64%,66%,70%,74%,64%,74%,69%,67%,69%,72%,73%,72%,65%,,70%,74%,74%,,69%,75%,,74%,72%,71%,73%,,72%,76%,,72%,73%,77%,77%,73%,,72%,70%,57%,72%,72%,77%,73%,71%,76%,77%,80%,74%,78%,81%,72%,68%,77%,69%,,73%,63%,,72%,69%,,71%,72%,,72%,69%,63%,,70%,73%,67%,77%,69%,79%,73%,66%
Pay and benefits ,,24%,25%,29%,35%,37%,,27%,26%,30%,28%,28%,,29%,27%,27%,29%,27%,25%,27%,28%,29%,,36%,29%,25%,23%,22%,,43%,32%,28%,26%,25%,,44%,32%,29%,26%,24%,,26%,32%,,27%,29%,33%,,26%,42%,35%,35%,43%,45%,,26%,32%,29%,30%,25%,,28%,29%,24%,19%,30%,31%,20%,31%,32%,18%,23%,14%,14%,23%,27%,32%,31%,33%,38%,33%,26%,31%,30%,35%,31%,36%,29%,28%,27%,37%,35%,20%,44%,27%,28%,20%,42%,36%,29%,25%,,27%,38%,36%,,25%,32%,,34%,30%,28%,25%,,29%,27%,,29%,31%,27%,26%,28%,,29%,29%,17%,28%,34%,30%,33%,28%,25%,29%,29%,31%,30%,29%,23%,21%,29%,24%,,30%,21%,,30%,25%,,28%,28%,,29%,28%,25%,,29%,30%,24%,25%,25%,29%,23%,23%
Leadership and managing change ,,35%,36%,39%,46%,71%,,37%,37%,40%,34%,53%,,36%,32%,42%,39%,37%,32%,33%,37%,36%,,46%,40%,37%,33%,30%,,52%,44%,41%,37%,35%,,50%,41%,42%,38%,36%,,34%,46%,,38%,36%,47%,,37%,49%,51%,49%,43%,48%,,37%,42%,47%,37%,29%,,38%,39%,34%,29%,39%,34%,25%,36%,48%,33%,35%,26%,12%,38%,40%,38%,43%,44%,44%,40%,36%,37%,43%,56%,42%,54%,47%,31%,30%,46%,52%,28%,34%,37%,40%,33%,39%,44%,40%,29%,,37%,55%,50%,,37%,42%,,45%,42%,39%,35%,,39%,46%,,39%,44%,46%,47%,49%,,39%,38%,24%,43%,45%,48%,46%,42%,44%,47%,51%,51%,50%,54%,37%,39%,56%,41%,,41%,29%,,40%,36%,,38%,40%,,40%,39%,32%,,38%,41%,35%,47%,38%,50%,41%,33%
,,,,,,,,,,,,,,,,,,,,,,,,,,,,,,,,,,,,,,,,,,,,,,,,,,,,,,,,,,,,,,,,,,,,,,,,,,,,,,,,,,,,,,,,,,,,,,,,,,,,,,,,,,,,,,,,,,,,,,,,,,,,,,,,,,,,,,,,,,,,,,,,,,,,,,,,,,,,,,,,,,,
My work ,,,,,,,,,,,,,,,,,,,,,,,,,,,,,,,,,,,,,,,,,,,,,,,,,,,,,,,,,,,,,,,,,,,,,,,,,,,,,,,,,,,,,,,,,,,,,,,,,,,,,,,,,,,,,,,,,,,,,,,,,,,,,,,,,,,,,,,,,,,,,,,,,,,,,,,,,,,,,,,,,,,
B01. I am interested in my work ,,81%,87%,91%,95%,98%,,87%,87%,86%,89%,92%,,87%,87%,89%,85%,86%,87%,88%,86%,86%,,90%,88%,87%,86%,84%,,91%,89%,87%,87%,87%,,91%,89%,88%,87%,87%,,85%,93%,,88%,86%,90%,,87%,90%,95%,87%,95%,95%,,86%,90%,93%,92%,88%,,84%,79%,85%,78%,90%,93%,89%,88%,92%,87%,80%,89%,82%,94%,89%,90%,91%,89%,92%,91%,88%,89%,91%,94%,90%,92%,93%,88%,91%,91%,93%,90%,94%,93%,89%,92%,92%,90%,90%,88%,,87%,93%,93%,,87%,90%,,87%,89%,89%,89%,,88%,89%,,88%,89%,89%,90%,85%,,88%,88%,67%,89%,85%,89%,89%,90%,89%,88%,89%,82%,90%,92%,88%,83%,87%,86%,,89%,82%,,88%,87%,,88%,89%,,89%,85%,79%,,86%,90%,83%,90%,89%,89%,85%,82%
B02. I am sufficiently challenged by my work ,,70%,80%,84%,89%,94%,,79%,78%,78%,83%,81%,,79%,79%,79%,80%,79%,79%,80%,79%,79%,,82%,80%,79%,77%,78%,,77%,75%,77%,77%,81%,,77%,75%,76%,77%,81%,,75%,88%,,79%,79%,83%,,79%,75%,86%,67%,82%,85%,,78%,82%,85%,83%,78%,,71%,69%,80%,74%,84%,86%,76%,78%,88%,78%,71%,87%,69%,88%,81%,83%,82%,80%,84%,87%,80%,79%,82%,84%,79%,85%,85%,78%,83%,80%,84%,79%,85%,87%,81%,82%,83%,82%,81%,78%,,79%,84%,84%,,79%,81%,,75%,81%,83%,83%,,81%,78%,,81%,78%,80%,76%,76%,,81%,80%,62%,78%,74%,76%,80%,78%,80%,77%,77%,76%,83%,77%,75%,69%,78%,75%,,81%,74%,,80%,80%,,79%,81%,,81%,76%,68%,,78%,83%,75%,82%,80%,78%,78%,73%
B03. My work gives me a sense of personal accomplishment ,,64%,73%,77%,83%,93%,,73%,71%,72%,74%,80%,,73%,72%,75%,71%,72%,73%,73%,73%,72%,,77%,74%,73%,71%,69%,,76%,73%,72%,71%,73%,,77%,73%,72%,71%,73%,,69%,82%,,73%,71%,77%,,73%,75%,82%,71%,83%,85%,,71%,76%,78%,78%,72%,,69%,62%,69%,62%,79%,80%,71%,75%,81%,68%,64%,76%,63%,87%,76%,75%,78%,76%,80%,80%,73%,74%,76%,79%,75%,80%,78%,74%,76%,77%,79%,73%,83%,81%,76%,78%,80%,78%,77%,72%,,73%,80%,81%,,73%,77%,,71%,75%,77%,77%,,74%,76%,,74%,75%,77%,76%,72%,,75%,74%,54%,74%,71%,77%,77%,76%,76%,74%,79%,71%,80%,79%,73%,67%,74%,70%,,76%,66%,,74%,73%,,74%,75%,,75%,71%,61%,,72%,77%,68%,79%,76%,76%,72%,66%
B04. I feel involved in the decisions that affect my work ,,41%,49%,59%,68%,88%,,52%,48%,51%,49%,63%,,49%,49%,57%,49%,49%,50%,52%,50%,50%,,58%,55%,53%,47%,44%,,54%,53%,52%,50%,52%,,52%,50%,51%,50%,52%,,44%,69%,,53%,46%,58%,,51%,53%,67%,49%,61%,68%,,48%,60%,65%,56%,48%,,50%,35%,44%,41%,50%,44%,47%,59%,71%,44%,43%,45%,20%,62%,56%,57%,62%,59%,63%,64%,54%,58%,62%,69%,58%,73%,65%,45%,57%,59%,66%,56%,58%,50%,61%,56%,57%,63%,56%,48%,,51%,64%,60%,,54%,54%,,53%,57%,56%,51%,,53%,56%,,53%,55%,58%,53%,55%,,53%,52%,36%,52%,54%,52%,60%,54%,58%,55%,59%,57%,63%,56%,50%,47%,60%,50%,,55%,41%,,54%,49%,,52%,55%,,54%,51%,42%,,52%,55%,49%,61%,51%,57%,55%,44%
B05. I have a choice in deciding how I do my work,,50%,61%,75%,83%,92%,,65%,60%,62%,59%,71%,,63%,63%,72%,57%,59%,64%,69%,63%,64%,,70%,70%,67%,60%,55%,,66%,68%,66%,64%,65%,,62%,67%,66%,64%,65%,,58%,80%,,66%,58%,69%,,64%,62%,80%,61%,78%,82%,,59%,77%,80%,73%,63%,,67%,33%,56%,51%,59%,63%,63%,70%,82%,55%,53%,64%,23%,84%,68%,75%,77%,77%,79%,74%,74%,77%,79%,79%,66%,87%,80%,58%,75%,75%,84%,74%,69%,62%,81%,77%,79%,82%,77%,63%,,64%,80%,75%,,66%,67%,,66%,69%,67%,63%,,66%,65%,,66%,69%,65%,62%,64%,,66%,66%,49%,69%,63%,68%,73%,69%,65%,62%,68%,69%,68%,63%,62%,54%,64%,59%,,68%,54%,,67%,61%,,65%,67%,,67%,64%,55%,,66%,67%,60%,67%,69%,63%,63%,56%
,,,,,,,,,,,,,,,,,,,,,,,,,,,,,,,,,,,,,,,,,,,,,,,,,,,,,,,,,,,,,,,,,,,,,,,,,,,,,,,,,,,,,,,,,,,,,,,,,,,,,,,,,,,,,,,,,,,,,,,,,,,,,,,,,,,,,,,,,,,,,,,,,,,,,,,,,,,,,,,,,,,
Organisational objectives and purpose ,,,,,,,,,,,,,,,,,,,,,,,,,,,,,,,,,,,,,,,,,,,,,,,,,,,,,,,,,,,,,,,,,,,,,,,,,,,,,,,,,,,,,,,,,,,,,,,,,,,,,,,,,,,,,,,,,,,,,,,,,,,,,,,,,,,,,,,,,,,,,,,,,,,,,,,,,,,,,,,,,,,
B06. I have a clear understanding of [my organisation's] purpose 3,,79%,81%,85%,88%,93%,,82%,84%,83%,84%,83%,,81%,79%,83%,83%,82%,79%,81%,81%,82%,,87%,84%,82%,80%,76%,,86%,84%,83%,81%,82%,,86%,83%,83%,82%,82%,,80%,88%,,82%,82%,84%,,82%,85%,84%,82%,81%,83%,,82%,85%,87%,81%,75%,,81%,84%,81%,80%,84%,82%,75%,77%,89%,80%,80%,82%,48%,83%,83%,86%,81%,87%,86%,87%,80%,83%,88%,92%,80%,91%,87%,75%,81%,88%,86%,74%,81%,84%,82%,75%,83%,83%,78%,75%,,82%,88%,90%,,80%,86%,,84%,84%,84%,82%,,83%,83%,,83%,83%,84%,84%,79%,,83%,83%,59%,83%,80%,85%,83%,85%,84%,84%,83%,82%,84%,87%,81%,79%,77%,78%,,84%,78%,,83%,82%,,83%,83%,,84%,82%,71%,,82%,85%,76%,84%,78%,83%,82%,77%
B07. I have a clear understanding of [my organisation's] objectives ,,75%,77%,79%,83%,91%,,77%,80%,78%,79%,79%,,77%,74%,78%,80%,79%,74%,74%,77%,78%,,82%,80%,78%,76%,72%,,80%,78%,77%,77%,78%,,80%,76%,78%,78%,78%,,75%,84%,,77%,79%,81%,,78%,79%,77%,75%,73%,78%,,78%,80%,82%,74%,70%,,76%,81%,77%,77%,82%,76%,70%,70%,86%,76%,76%,78%,43%,81%,80%,79%,76%,82%,82%,84%,73%,77%,82%,87%,76%,89%,82%,68%,71%,82%,79%,64%,77%,79%,74%,67%,77%,75%,71%,70%,,77%,80%,85%,,75%,83%,,78%,79%,80%,78%,,79%,80%,,79%,78%,81%,81%,76%,,79%,78%,54%,78%,76%,79%,77%,81%,81%,80%,80%,78%,82%,84%,78%,76%,75%,73%,,79%,74%,,79%,79%,,78%,79%,,79%,77%,67%,,77%,81%,70%,81%,72%,80%,80%,73%
B08. I understand how my work contributes to [my organisation's] objectives ,,78%,80%,82%,86%,93%,,80%,82%,81%,84%,83%,,80%,77%,81%,82%,82%,77%,77%,80%,81%,,84%,82%,81%,78%,75%,,83%,81%,80%,79%,81%,,83%,79%,80%,80%,81%,,78%,86%,,80%,81%,83%,,81%,83%,82%,82%,83%,83%,,81%,83%,84%,78%,73%,,79%,82%,80%,81%,83%,79%,74%,77%,88%,75%,79%,82%,49%,85%,83%,81%,80%,84%,85%,87%,77%,79%,84%,89%,81%,89%,84%,72%,79%,84%,81%,71%,82%,81%,77%,71%,81%,79%,76%,73%,,80%,83%,86%,,79%,85%,,81%,82%,83%,81%,,81%,84%,,81%,82%,85%,86%,79%,,82%,82%,59%,81%,80%,83%,82%,82%,85%,84%,87%,81%,85%,90%,81%,82%,80%,77%,,82%,76%,,82%,81%,,81%,82%,,82%,79%,71%,,80%,84%,75%,86%,76%,85%,82%,75%
,,,,,,,,,,,,,,,,,,,,,,,,,,,,,,,,,,,,,,,,,,,,,,,,,,,,,,,,,,,,,,,,,,,,,,,,,,,,,,,,,,,,,,,,,,,,,,,,,,,,,,,,,,,,,,,,,,,,,,,,,,,,,,,,,,,,,,,,,,,,,,,,,,,,,,,,,,,,,,,,,,,
My manager ,,,,,,,,,,,,,,,,,,,,,,,,,,,,,,,,,,,,,,,,,,,,,,,,,,,,,,,,,,,,,,,,,,,,,,,,,,,,,,,,,,,,,,,,,,,,,,,,,,,,,,,,,,,,,,,,,,,,,,,,,,,,,,,,,,,,,,,,,,,,,,,,,,,,,,,,,,,,,,,,,,,
B09. My manager motivates me to be more effective in my job ,,68%,66%,68%,70%,84%,,67%,67%,71%,67%,71%,,66%,63%,69%,69%,68%,64%,65%,66%,67%,,75%,69%,66%,63%,61%,,77%,70%,68%,67%,66%,,76%,69%,68%,68%,66%,,65%,72%,,67%,68%,67%,,67%,75%,76%,69%,70%,74%,,67%,69%,73%,66%,60%,,67%,74%,66%,69%,69%,64%,60%,66%,74%,52%,67%,63%,47%,66%,68%,69%,70%,70%,70%,69%,65%,67%,69%,76%,66%,75%,73%,61%,66%,70%,75%,60%,67%,66%,65%,60%,71%,73%,69%,60%,,67%,79%,76%,,67%,72%,,73%,71%,69%,66%,,69%,72%,,69%,71%,72%,72%,72%,,69%,70%,54%,68%,70%,71%,75%,70%,71%,73%,77%,71%,73%,76%,68%,65%,76%,68%,,70%,62%,,69%,67%,,68%,70%,,69%,68%,61%,,68%,70%,65%,73%,67%,74%,70%,64%
B10. My manager is considerate of my life outside work ,,75%,76%,82%,83%,85%,,78%,78%,80%,77%,74%,,76%,75%,80%,77%,76%,77%,80%,75%,78%,,82%,80%,78%,76%,72%,,82%,81%,79%,78%,77%,,81%,80%,79%,79%,77%,,76%,81%,,77%,79%,78%,,77%,79%,83%,76%,79%,82%,,76%,81%,85%,81%,72%,,78%,76%,77%,78%,74%,78%,78%,74%,83%,63%,75%,79%,60%,83%,78%,84%,77%,82%,82%,84%,81%,82%,83%,83%,72%,87%,85%,70%,81%,83%,88%,79%,75%,78%,85%,81%,85%,87%,83%,72%,,78%,87%,84%,,78%,81%,,82%,82%,78%,76%,,80%,74%,,80%,79%,74%,73%,74%,,80%,80%,65%,79%,76%,76%,81%,80%,74%,73%,75%,75%,73%,73%,74%,69%,74%,72%,,80%,72%,,79%,76%,,78%,81%,,79%,77%,68%,,80%,79%,70%,74%,78%,73%,75%,74%
B11. My manager is open to my ideas ,,74%,75%,82%,85%,92%,,78%,76%,80%,76%,78%,,77%,75%,80%,78%,76%,76%,79%,76%,77%,,83%,81%,78%,75%,71%,,82%,81%,79%,78%,77%,,80%,80%,79%,78%,77%,,75%,85%,,78%,77%,77%,,77%,80%,86%,75%,83%,87%,,76%,82%,86%,80%,73%,,76%,76%,75%,77%,76%,76%,76%,76%,85%,65%,74%,78%,58%,75%,78%,82%,79%,82%,83%,82%,80%,81%,84%,86%,74%,88%,86%,71%,81%,83%,90%,78%,78%,76%,84%,79%,84%,87%,81%,73%,,78%,88%,84%,,79%,80%,,82%,82%,79%,76%,,80%,76%,,80%,80%,76%,75%,76%,,80%,79%,61%,79%,79%,82%,81%,79%,76%,76%,78%,81%,77%,76%,75%,70%,75%,72%,,80%,71%,,80%,76%,,78%,80%,,80%,77%,69%,,80%,80%,72%,76%,78%,76%,75%,73%
B12. My manager helps me to understand how I contribute to [my organisation's] objectives ,,64%,63%,63%,67%,83%,,63%,63%,68%,65%,65%,,63%,60%,63%,68%,66%,59%,60%,64%,64%,,70%,64%,63%,60%,59%,,70%,63%,63%,63%,63%,,70%,62%,63%,63%,64%,,61%,69%,,63%,67%,65%,,64%,69%,66%,63%,64%,67%,,65%,64%,66%,59%,55%,,62%,71%,63%,67%,69%,63%,52%,59%,72%,50%,64%,62%,42%,68%,66%,62%,64%,65%,65%,64%,58%,61%,65%,72%,62%,75%,66%,59%,59%,66%,64%,50%,62%,61%,57%,51%,61%,62%,60%,55%,,63%,69%,71%,,62%,69%,,66%,67%,66%,64%,,65%,68%,,65%,67%,68%,69%,67%,,65%,66%,48%,64%,65%,66%,68%,66%,67%,69%,71%,69%,68%,72%,65%,62%,70%,61%,,66%,59%,,65%,64%,,64%,66%,,66%,62%,55%,,63%,67%,59%,68%,60%,70%,67%,60%
"B13. Overall, I have confidence in the decisions made by my manager ",,68%,67%,73%,76%,87%,,70%,70%,73%,70%,70%,,68%,67%,73%,70%,70%,68%,70%,68%,69%,,78%,72%,69%,66%,63%,,81%,74%,71%,69%,69%,,80%,73%,71%,70%,69%,,68%,76%,,70%,70%,70%,,69%,78%,79%,77%,75%,79%,,69%,73%,78%,72%,64%,,69%,73%,68%,69%,68%,69%,65%,70%,77%,58%,67%,68%,48%,70%,71%,74%,71%,74%,74%,74%,70%,71%,74%,81%,69%,80%,78%,59%,71%,73%,82%,69%,71%,71%,74%,68%,76%,79%,74%,64%,,70%,84%,79%,,72%,73%,,76%,74%,72%,69%,,72%,70%,,72%,74%,70%,69%,71%,,72%,72%,55%,71%,71%,75%,77%,72%,69%,73%,76%,72%,70%,71%,67%,62%,75%,66%,,73%,63%,,72%,68%,,71%,72%,,72%,70%,62%,,72%,73%,64%,70%,70%,72%,69%,65%
B14. My manager recognises when I have done my job well ,,77%,76%,78%,79%,86%,,77%,77%,79%,77%,79%,,76%,74%,78%,79%,77%,75%,76%,75%,77%,,82%,79%,76%,74%,72%,,82%,79%,77%,76%,76%,,82%,79%,77%,77%,76%,,76%,80%,,77%,78%,74%,,77%,81%,81%,79%,79%,83%,,77%,78%,83%,76%,71%,,77%,81%,75%,79%,77%,75%,73%,76%,80%,64%,76%,75%,65%,75%,78%,79%,77%,79%,79%,81%,76%,77%,79%,81%,75%,85%,83%,66%,78%,82%,85%,72%,73%,75%,77%,72%,80%,84%,79%,71%,,77%,85%,82%,,77%,80%,,81%,80%,78%,78%,,78%,78%,,78%,79%,78%,79%,78%,,78%,79%,62%,79%,78%,83%,81%,78%,77%,77%,79%,81%,78%,82%,77%,72%,81%,74%,,79%,71%,,79%,76%,,78%,78%,,79%,76%,71%,,78%,79%,72%,78%,76%,78%,77%,73%
B15. I receive regular feedback on my performance ,,72%,67%,66%,65%,75%,,67%,68%,72%,68%,67%,,67%,64%,65%,74%,71%,63%,63%,67%,68%,,71%,67%,67%,66%,64%,,70%,66%,65%,66%,68%,,71%,65%,66%,67%,68%,,67%,68%,,66%,72%,64%,,68%,71%,65%,62%,58%,64%,,70%,65%,67%,62%,58%,,66%,82%,70%,74%,71%,64%,56%,60%,70%,47%,72%,69%,53%,66%,70%,65%,66%,67%,65%,70%,61%,64%,65%,69%,63%,69%,67%,61%,56%,68%,66%,53%,62%,63%,62%,58%,65%,67%,64%,58%,,67%,69%,73%,,65%,72%,,69%,70%,69%,69%,,69%,70%,,69%,67%,70%,72%,69%,,69%,69%,58%,67%,69%,69%,70%,65%,70%,72%,72%,71%,69%,75%,69%,63%,73%,63%,,69%,65%,,68%,68%,,68%,69%,,69%,66%,62%,,67%,70%,63%,71%,62%,72%,70%,65%
B16. The feedback I receive helps me to improve my performance ,,66%,61%,61%,61%,76%,,61%,62%,67%,62%,69%,,61%,59%,62%,66%,63%,57%,58%,62%,62%,,69%,63%,61%,59%,56%,,71%,65%,63%,62%,60%,,72%,65%,64%,63%,60%,,61%,65%,,61%,64%,63%,,62%,71%,66%,64%,60%,63%,,63%,62%,65%,59%,53%,,62%,74%,62%,67%,65%,56%,51%,58%,67%,44%,64%,55%,46%,61%,63%,62%,64%,63%,62%,64%,56%,61%,62%,70%,62%,67%,65%,55%,55%,64%,68%,50%,63%,60%,57%,54%,63%,65%,62%,53%,,62%,71%,72%,,61%,68%,,69%,66%,63%,60%,,63%,70%,,63%,67%,71%,71%,69%,,63%,63%,49%,64%,70%,69%,69%,64%,70%,74%,73%,72%,72%,76%,66%,62%,73%,62%,,64%,57%,,64%,61%,,63%,64%,,64%,63%,56%,,62%,65%,61%,72%,60%,73%,68%,59%
B17. I think that my performance is evaluated fairly ,,62%,59%,62%,63%,75%,,60%,63%,64%,61%,64%,,61%,59%,61%,63%,60%,59%,59%,61%,60%,,67%,63%,60%,58%,55%,,70%,64%,61%,61%,60%,,71%,65%,63%,61%,59%,,59%,65%,,61%,62%,60%,,61%,69%,66%,64%,61%,67%,,61%,62%,65%,61%,54%,,62%,66%,59%,62%,62%,58%,53%,59%,68%,48%,61%,54%,47%,61%,62%,62%,63%,63%,63%,66%,57%,64%,60%,69%,60%,68%,65%,53%,61%,62%,70%,54%,65%,61%,60%,58%,63%,67%,65%,54%,,61%,72%,70%,,61%,66%,,68%,65%,62%,61%,,63%,64%,,63%,64%,64%,63%,64%,,63%,62%,47%,64%,63%,65%,66%,61%,63%,66%,65%,69%,66%,67%,60%,53%,66%,57%,,64%,52%,,64%,59%,,63%,62%,,63%,62%,52%,,63%,64%,56%,64%,61%,66%,63%,55%
B18. Poor performance is dealt with effectively in my team ,,44%,40%,41%,46%,73%,,41%,41%,48%,43%,52%,,43%,41%,41%,46%,44%,38%,38%,43%,41%,,46%,43%,42%,41%,39%,,45%,39%,41%,41%,43%,,47%,38%,39%,41%,43%,,37%,54%,,42%,43%,51%,,42%,48%,40%,45%,39%,41%,,44%,42%,43%,37%,35%,,40%,56%,39%,45%,45%,35%,33%,49%,59%,33%,44%,36%,34%,31%,45%,38%,50%,42%,45%,40%,38%,38%,37%,49%,47%,52%,43%,34%,43%,40%,39%,32%,44%,35%,34%,32%,37%,41%,39%,35%,,42%,36%,47%,,43%,45%,,44%,45%,45%,44%,,43%,50%,,43%,45%,51%,51%,48%,,43%,43%,33%,42%,47%,53%,46%,42%,48%,55%,61%,46%,52%,57%,42%,44%,58%,41%,,44%,38%,,43%,43%,,43%,45%,,44%,41%,40%,,41%,46%,42%,50%,39%,57%,46%,41%
,,,,,,,,,,,,,,,,,,,,,,,,,,,,,,,,,,,,,,,,,,,,,,,,,,,,,,,,,,,,,,,,,,,,,,,,,,,,,,,,,,,,,,,,,,,,,,,,,,,,,,,,,,,,,,,,,,,,,,,,,,,,,,,,,,,,,,,,,,,,,,,,,,,,,,,,,,,,,,,,,,,
My team ,,,,,,,,,,,,,,,,,,,,,,,,,,,,,,,,,,,,,,,,,,,,,,,,,,,,,,,,,,,,,,,,,,,,,,,,,,,,,,,,,,,,,,,,,,,,,,,,,,,,,,,,,,,,,,,,,,,,,,,,,,,,,,,,,,,,,,,,,,,,,,,,,,,,,,,,,,,,,,,,,,,
B19. The people in my team can be relied upon to help when things get difficult in my job ,,85%,84%,85%,88%,95%,,84%,86%,88%,84%,82%,,85%,83%,83%,88%,87%,82%,83%,84%,86%,,88%,85%,84%,83%,82%,,89%,84%,83%,83%,85%,,89%,84%,84%,84%,85%,,83%,88%,,84%,88%,85%,,85%,87%,86%,87%,84%,87%,,85%,84%,87%,84%,80%,,80%,90%,87%,89%,85%,85%,83%,80%,87%,83%,86%,85%,79%,84%,85%,84%,81%,84%,86%,81%,84%,84%,84%,88%,82%,87%,87%,80%,85%,85%,89%,81%,81%,85%,87%,80%,87%,87%,85%,80%,,85%,88%,88%,,85%,87%,,86%,86%,86%,86%,,86%,83%,,86%,84%,83%,84%,81%,,86%,86%,71%,83%,83%,90%,85%,82%,83%,85%,85%,81%,81%,87%,82%,78%,84%,78%,,86%,81%,,86%,85%,,85%,86%,,86%,84%,77%,,86%,87%,79%,83%,85%,85%,83%,80%
B20. The people in my team work together to find ways to improve the service we provide ,,81%,81%,82%,86%,94%,,81%,81%,85%,82%,80%,,82%,79%,80%,85%,84%,79%,79%,81%,83%,,85%,82%,81%,80%,78%,,84%,79%,80%,80%,82%,,84%,79%,80%,80%,82%,,79%,86%,,81%,84%,83%,,82%,83%,83%,80%,84%,83%,,82%,82%,83%,80%,76%,,78%,86%,82%,87%,82%,77%,79%,78%,87%,73%,82%,82%,73%,80%,83%,82%,80%,82%,85%,79%,83%,80%,83%,87%,79%,86%,83%,77%,84%,84%,83%,75%,80%,79%,83%,77%,82%,85%,82%,76%,,81%,85%,86%,,81%,84%,,82%,83%,83%,83%,,83%,81%,,83%,80%,81%,83%,80%,,83%,81%,68%,78%,79%,87%,82%,79%,80%,82%,82%,82%,80%,86%,80%,77%,82%,76%,,83%,78%,,83%,82%,,82%,83%,,83%,80%,73%,,82%,84%,76%,81%,80%,83%,79%,77%
B21. The people in my team are encouraged to come up with new and better ways of doing things ,,72%,72%,76%,82%,93%,,74%,72%,77%,75%,76%,,74%,70%,74%,78%,76%,71%,71%,73%,75%,,79%,76%,74%,71%,68%,,77%,73%,73%,73%,75%,,75%,71%,72%,73%,75%,,70%,84%,,73%,76%,78%,,74%,76%,79%,71%,77%,77%,,74%,77%,78%,72%,67%,,72%,78%,72%,81%,73%,63%,69%,71%,86%,61%,73%,74%,49%,64%,76%,75%,75%,77%,80%,75%,75%,76%,76%,84%,73%,86%,78%,64%,74%,79%,78%,65%,76%,67%,79%,70%,78%,84%,75%,67%,,74%,78%,79%,,73%,79%,,75%,77%,76%,75%,,76%,75%,,76%,74%,75%,76%,73%,,76%,76%,56%,72%,73%,78%,76%,72%,74%,75%,77%,74%,76%,78%,74%,71%,77%,69%,,76%,69%,,76%,74%,,74%,77%,,76%,72%,64%,,74%,77%,69%,76%,73%,76%,73%,68%
,,,,,,,,,,,,,,,,,,,,,,,,,,,,,,,,,,,,,,,,,,,,,,,,,,,,,,,,,,,,,,,,,,,,,,,,,,,,,,,,,,,,,,,,,,,,,,,,,,,,,,,,,,,,,,,,,,,,,,,,,,,,,,,,,,,,,,,,,,,,,,,,,,,,,,,,,,,,,,,,,,,
Learning and development ,,,,,,,,,,,,,,,,,,,,,,,,,,,,,,,,,,,,,,,,,,,,,,,,,,,,,,,,,,,,,,,,,,,,,,,,,,,,,,,,,,,,,,,,,,,,,,,,,,,,,,,,,,,,,,,,,,,,,,,,,,,,,,,,,,,,,,,,,,,,,,,,,,,,,,,,,,,,,,,,,,,
B22. I am able to access the right learning and development opportunities when I need to ,,61%,61%,63%,65%,81%,,61%,63%,66%,65%,57%,,60%,57%,62%,64%,62%,59%,62%,62%,61%,,68%,63%,61%,58%,56%,,68%,63%,61%,60%,62%,,68%,60%,61%,61%,62%,,59%,68%,,61%,63%,65%,,62%,66%,64%,52%,42%,58%,,62%,65%,63%,62%,51%,,64%,61%,61%,65%,62%,48%,51%,64%,70%,54%,62%,62%,38%,55%,64%,65%,64%,69%,70%,68%,56%,62%,65%,63%,61%,69%,63%,63%,62%,67%,64%,59%,63%,62%,59%,60%,65%,65%,59%,51%,,61%,74%,81%,,60%,67%,,66%,63%,63%,64%,,63%,64%,,63%,62%,65%,63%,61%,,64%,61%,47%,60%,66%,62%,63%,59%,66%,64%,65%,62%,65%,64%,63%,57%,67%,55%,,64%,54%,,64%,61%,,63%,63%,,64%,60%,51%,,62%,66%,55%,68%,57%,65%,65%,55%
B23. Learning and development activities I have completed in the past 12 months have helped to improve my performance ,,47%,52%,55%,58%,76%,,52%,52%,53%,53%,57%,,52%,48%,53%,52%,52%,47%,52%,53%,51%,,61%,56%,50%,46%,42%,,60%,59%,54%,52%,50%,,59%,56%,56%,53%,50%,,49%,59%,,53%,50%,52%,,52%,57%,56%,39%,35%,48%,,51%,55%,56%,56%,44%,,46%,54%,49%,49%,56%,51%,46%,49%,59%,46%,47%,57%,30%,54%,54%,55%,55%,54%,57%,58%,49%,50%,58%,51%,54%,61%,56%,59%,51%,59%,61%,51%,66%,56%,56%,50%,58%,58%,50%,44%,,51%,68%,80%,,50%,57%,,59%,55%,53%,48%,,53%,59%,,53%,57%,59%,60%,56%,,53%,54%,39%,56%,58%,59%,60%,54%,58%,59%,59%,55%,63%,64%,55%,53%,61%,53%,,54%,45%,,54%,51%,,53%,54%,,54%,54%,47%,,52%,55%,48%,60%,51%,60%,55%,48%
B24. There are opportunities for me to develop my career in [my organisation] ,,43%,46%,49%,50%,66%,,46%,49%,52%,46%,43%,,45%,42%,47%,50%,47%,41%,47%,45%,45%,,60%,50%,42%,38%,35%,,60%,51%,49%,45%,44%,,59%,49%,51%,47%,44%,,43%,54%,,47%,44%,51%,,46%,50%,49%,31%,27%,38%,,47%,50%,51%,45%,37%,,40%,51%,42%,50%,51%,32%,38%,52%,56%,47%,45%,49%,30%,41%,49%,52%,49%,49%,53%,48%,40%,40%,54%,63%,46%,57%,51%,46%,51%,44%,62%,49%,48%,38%,55%,38%,53%,55%,41%,37%,,45%,74%,74%,,46%,51%,,58%,51%,47%,40%,,48%,51%,,48%,50%,51%,52%,46%,,49%,46%,31%,42%,54%,54%,52%,45%,50%,53%,56%,43%,49%,54%,50%,46%,52%,43%,,50%,37%,,49%,44%,,48%,48%,,49%,49%,39%,,49%,49%,39%,53%,38%,53%,49%,40%
B25. Learning and development activities I have completed while working for [my organisation] are helping me to develop my career ,,36%,42%,49%,53%,71%,,43%,43%,44%,43%,52%,,42%,40%,46%,42%,42%,39%,46%,42%,40%,,55%,48%,42%,36%,32%,,53%,51%,48%,44%,41%,,54%,48%,49%,46%,41%,,39%,54%,,45%,37%,49%,,43%,50%,50%,33%,31%,46%,,41%,51%,51%,48%,38%,,36%,42%,37%,35%,46%,38%,37%,50%,54%,44%,35%,46%,28%,45%,44%,53%,51%,50%,53%,52%,44%,41%,56%,51%,48%,58%,51%,46%,49%,51%,59%,50%,56%,41%,53%,44%,52%,54%,43%,38%,,42%,68%,78%,,44%,47%,,55%,49%,44%,36%,,45%,52%,,45%,51%,52%,52%,51%,,45%,46%,27%,48%,53%,53%,53%,47%,50%,52%,54%,49%,55%,57%,45%,43%,60%,45%,,47%,34%,,46%,41%,,44%,46%,,46%,47%,38%,,45%,46%,41%,53%,40%,54%,47%,39%
,,,,,,,,,,,,,,,,,,,,,,,,,,,,,,,,,,,,,,,,,,,,,,,,,,,,,,,,,,,,,,,,,,,,,,,,,,,,,,,,,,,,,,,,,,,,,,,,,,,,,,,,,,,,,,,,,,,,,,,,,,,,,,,,,,,,,,,,,,,,,,,,,,,,,,,,,,,,,,,,,,,
Inclusion and fair treatment ,,,,,,,,,,,,,,,,,,,,,,,,,,,,,,,,,,,,,,,,,,,,,,,,,,,,,,,,,,,,,,,,,,,,,,,,,,,,,,,,,,,,,,,,,,,,,,,,,,,,,,,,,,,,,,,,,,,,,,,,,,,,,,,,,,,,,,,,,,,,,,,,,,,,,,,,,,,,,,,,,,,
B26. I am treated fairly at work ,,75%,75%,79%,81%,90%,,76%,78%,79%,77%,77%,,76%,75%,77%,77%,76%,75%,77%,75%,76%,,85%,79%,75%,72%,69%,,88%,81%,77%,75%,75%,,88%,81%,78%,76%,75%,,74%,82%,,76%,78%,78%,,76%,84%,86%,84%,86%,89%,,76%,79%,83%,78%,71%,,77%,78%,74%,78%,77%,73%,73%,79%,83%,67%,74%,72%,53%,80%,77%,80%,78%,80%,81%,78%,77%,78%,80%,87%,75%,85%,83%,71%,84%,78%,89%,77%,80%,75%,83%,75%,83%,84%,79%,71%,,76%,90%,86%,,77%,81%,,83%,80%,78%,78%,,79%,76%,,79%,78%,77%,74%,74%,,79%,79%,56%,77%,78%,83%,79%,76%,77%,77%,78%,77%,77%,77%,73%,63%,74%,72%,,80%,65%,,80%,74%,,78%,78%,,79%,77%,63%,,79%,80%,68%,77%,77%,77%,75%,68%
B27. I am treated with respect by the people I work with ,,84%,84%,86%,88%,94%,,85%,85%,87%,83%,83%,,85%,84%,84%,86%,86%,83%,85%,84%,85%,,90%,86%,84%,82%,81%,,91%,86%,84%,83%,85%,,91%,86%,85%,84%,84%,,84%,87%,,84%,87%,87%,,84%,89%,89%,87%,88%,91%,,85%,85%,88%,85%,80%,,82%,88%,86%,88%,86%,85%,82%,82%,87%,77%,84%,87%,77%,87%,85%,84%,83%,85%,86%,83%,83%,83%,86%,89%,83%,89%,88%,83%,90%,83%,92%,83%,84%,84%,88%,83%,89%,90%,86%,80%,,85%,93%,90%,,86%,87%,,88%,86%,86%,87%,,87%,84%,,87%,84%,84%,82%,82%,,87%,85%,68%,85%,84%,89%,85%,82%,84%,85%,85%,84%,84%,84%,81%,76%,84%,79%,,87%,78%,,87%,84%,,86%,86%,,87%,84%,73%,,86%,87%,78%,85%,83%,86%,83%,79%
B28. I feel valued for the work I do ,,56%,59%,64%,69%,85%,,61%,58%,61%,60%,70%,,59%,58%,65%,59%,60%,58%,59%,60%,60%,,71%,63%,59%,55%,53%,,73%,65%,62%,59%,59%,,72%,65%,62%,60%,59%,,57%,69%,,61%,60%,66%,,60%,70%,75%,70%,77%,77%,,59%,66%,71%,63%,55%,,62%,55%,55%,54%,64%,57%,53%,64%,70%,48%,55%,51%,32%,66%,63%,63%,66%,67%,68%,67%,61%,63%,66%,76%,63%,74%,71%,53%,65%,66%,76%,57%,68%,60%,69%,58%,69%,73%,64%,55%,,60%,78%,72%,,61%,66%,,65%,65%,63%,63%,,63%,67%,,63%,66%,68%,66%,67%,,63%,63%,42%,67%,64%,70%,68%,64%,68%,67%,72%,69%,70%,71%,61%,55%,72%,62%,,65%,50%,,64%,59%,,62%,63%,,64%,61%,50%,,61%,65%,57%,70%,64%,70%,64%,53%
"B29. I think that [my organisation] respects individual differences (e.g. cultures, working styles, backgrounds, ideas, etc)  ",,69%,69%,73%,75%,86%,,70%,71%,73%,70%,74%,,70%,68%,71%,72%,70%,68%,70%,71%,71%,,79%,73%,69%,67%,63%,,83%,75%,72%,70%,69%,,83%,75%,73%,71%,69%,,68%,78%,,71%,71%,76%,,70%,80%,77%,81%,80%,79%,,70%,74%,74%,72%,64%,,71%,73%,69%,72%,71%,58%,63%,69%,80%,60%,69%,64%,38%,83%,72%,74%,74%,76%,74%,74%,72%,71%,75%,80%,71%,80%,74%,66%,72%,73%,82%,66%,72%,69%,77%,72%,75%,79%,75%,64%,,70%,84%,80%,,71%,76%,,79%,75%,72%,69%,,73%,72%,,73%,70%,74%,68%,73%,,73%,71%,50%,74%,70%,73%,74%,67%,74%,74%,77%,76%,74%,73%,61%,58%,78%,65%,,75%,58%,,74%,68%,,72%,73%,,74%,71%,55%,,73%,74%,63%,74%,70%,76%,73%,62%
,,,,,,,,,,,,,,,,,,,,,,,,,,,,,,,,,,,,,,,,,,,,,,,,,,,,,,,,,,,,,,,,,,,,,,,,,,,,,,,,,,,,,,,,,,,,,,,,,,,,,,,,,,,,,,,,,,,,,,,,,,,,,,,,,,,,,,,,,,,,,,,,,,,,,,,,,,,,,,,,,,,
Resources and workload ,,,,,,,,,,,,,,,,,,,,,,,,,,,,,,,,,,,,,,,,,,,,,,,,,,,,,,,,,,,,,,,,,,,,,,,,,,,,,,,,,,,,,,,,,,,,,,,,,,,,,,,,,,,,,,,,,,,,,,,,,,,,,,,,,,,,,,,,,,,,,,,,,,,,,,,,,,,,,,,,,,,
"B30. In my job, I am clear what is expected of me ",,86%,83%,80%,83%,93%,,82%,84%,86%,86%,87%,,84%,82%,81%,85%,84%,82%,80%,83%,83%,,83%,83%,83%,83%,82%,,85%,83%,82%,82%,83%,,86%,83%,83%,82%,83%,,82%,85%,,82%,86%,84%,,83%,87%,82%,89%,85%,84%,,85%,81%,80%,81%,79%,,86%,89%,84%,86%,85%,80%,75%,85%,86%,81%,86%,79%,72%,89%,84%,79%,85%,84%,83%,84%,76%,81%,79%,89%,84%,81%,80%,75%,80%,79%,80%,76%,86%,85%,77%,79%,81%,83%,81%,79%,,83%,80%,84%,,82%,87%,,85%,84%,85%,86%,,84%,86%,,84%,83%,87%,88%,84%,,84%,82%,70%,82%,83%,88%,82%,82%,86%,88%,90%,85%,88%,91%,85%,81%,88%,80%,,85%,78%,,84%,83%,,84%,84%,,85%,81%,74%,,83%,86%,79%,88%,80%,89%,85%,79%
B31. I get the information I need to do my job well ,,65%,64%,64%,69%,85%,,64%,65%,69%,66%,73%,,64%,61%,67%,64%,64%,62%,60%,65%,64%,,69%,66%,65%,63%,61%,,71%,67%,66%,64%,64%,,71%,66%,66%,65%,64%,,63%,70%,,65%,65%,70%,,65%,72%,70%,76%,66%,70%,,65%,66%,71%,65%,59%,,71%,64%,61%,58%,66%,58%,56%,67%,72%,58%,64%,57%,48%,61%,67%,60%,69%,67%,68%,70%,60%,68%,63%,78%,69%,70%,71%,60%,64%,64%,71%,56%,73%,64%,61%,66%,71%,72%,68%,59%,,65%,71%,71%,,65%,69%,,69%,67%,66%,67%,,66%,73%,,66%,69%,74%,75%,69%,,66%,66%,50%,67%,70%,78%,69%,65%,74%,75%,77%,66%,75%,81%,69%,64%,77%,64%,,68%,56%,,67%,63%,,66%,67%,,67%,64%,55%,,64%,69%,61%,76%,66%,77%,71%,59%
B32. I have clear work objectives ,,78%,74%,72%,77%,90%,,74%,75%,77%,78%,81%,,75%,73%,74%,77%,76%,73%,71%,75%,75%,,76%,76%,75%,75%,73%,,77%,75%,74%,74%,75%,,78%,75%,75%,74%,75%,,73%,79%,,74%,78%,80%,,75%,80%,74%,80%,74%,73%,,76%,73%,76%,73%,68%,,78%,80%,75%,76%,78%,72%,65%,76%,80%,67%,77%,72%,60%,83%,76%,70%,77%,77%,76%,79%,64%,74%,71%,81%,77%,75%,76%,66%,68%,71%,75%,65%,80%,77%,69%,71%,75%,76%,75%,68%,,75%,72%,78%,,73%,80%,,76%,76%,77%,78%,,76%,80%,,76%,76%,81%,81%,78%,,76%,76%,58%,76%,75%,83%,77%,75%,80%,81%,84%,79%,83%,85%,77%,74%,82%,73%,,77%,69%,,76%,75%,,76%,76%,,77%,72%,66%,,74%,78%,71%,82%,72%,83%,78%,70%
B33. I have the skills I need to do my job effectively ,,82%,82%,84%,91%,97%,,83%,84%,85%,82%,90%,,83%,82%,86%,82%,82%,83%,83%,83%,83%,,82%,85%,86%,85%,83%,,85%,87%,86%,85%,83%,,87%,88%,87%,85%,83%,,82%,89%,,85%,82%,87%,,84%,88%,88%,91%,96%,91%,,83%,86%,87%,87%,83%,,87%,82%,79%,77%,84%,85%,77%,87%,88%,85%,80%,76%,83%,90%,85%,86%,87%,88%,89%,88%,79%,86%,85%,93%,87%,88%,87%,87%,84%,89%,88%,84%,90%,89%,82%,87%,86%,88%,85%,83%,,84%,84%,85%,,84%,86%,,87%,85%,84%,85%,,85%,86%,,85%,86%,87%,86%,84%,,85%,84%,71%,87%,84%,88%,87%,85%,85%,87%,90%,84%,89%,89%,83%,78%,87%,82%,,86%,77%,,86%,82%,,85%,85%,,85%,83%,77%,,84%,86%,81%,86%,85%,88%,83%,80%
B34. I have the tools I need to do my job effectively,,63%,61%,62%,64%,77%,,61%,65%,68%,64%,68%,,62%,59%,65%,63%,61%,59%,57%,62%,62%,,67%,63%,62%,60%,59%,,72%,66%,65%,61%,61%,,72%,65%,66%,62%,61%,,61%,66%,,62%,64%,73%,,62%,74%,67%,78%,71%,69%,,62%,65%,67%,62%,57%,,72%,62%,57%,56%,62%,54%,45%,67%,70%,64%,61%,49%,57%,40%,65%,60%,69%,68%,68%,66%,62%,65%,62%,76%,67%,69%,67%,64%,57%,63%,73%,51%,70%,59%,51%,64%,64%,66%,67%,57%,,62%,71%,68%,,60%,68%,,68%,64%,63%,64%,,63%,71%,,63%,66%,72%,72%,66%,,63%,63%,49%,65%,66%,68%,67%,66%,71%,74%,76%,65%,73%,78%,66%,60%,72%,63%,,65%,53%,,65%,60%,,64%,64%,,65%,61%,55%,,62%,66%,58%,72%,61%,75%,69%,56%
B35. I have an acceptable workload,,64%,58%,56%,51%,61%,,57%,61%,65%,61%,61%,,57%,56%,56%,61%,58%,56%,55%,58%,59%,,65%,57%,56%,56%,54%,,73%,61%,58%,57%,56%,,74%,61%,59%,58%,56%,,60%,53%,,57%,62%,62%,,57%,71%,60%,76%,72%,69%,,59%,59%,55%,55%,53%,,64%,62%,57%,65%,59%,49%,54%,64%,56%,53%,60%,50%,44%,55%,60%,54%,63%,62%,59%,64%,57%,61%,57%,57%,62%,61%,55%,46%,53%,57%,61%,52%,57%,51%,60%,54%,57%,59%,60%,53%,,58%,68%,63%,,58%,62%,,65%,59%,58%,61%,,59%,64%,,59%,61%,65%,64%,63%,,59%,58%,46%,59%,59%,63%,64%,59%,64%,65%,69%,66%,67%,69%,59%,56%,63%,58%,,61%,50%,,60%,55%,,60%,59%,,60%,57%,55%,,59%,61%,57%,65%,57%,67%,61%,55%
B36. I achieve a good balance between my work life and my private life,,71%,66%,65%,56%,59%,,64%,68%,72%,66%,67%,,65%,63%,62%,69%,66%,63%,65%,66%,66%,,70%,65%,64%,65%,63%,,75%,68%,64%,65%,64%,,76%,68%,66%,66%,65%,,68%,61%,,63%,75%,74%,,65%,74%,64%,80%,74%,69%,,67%,67%,61%,62%,57%,,72%,67%,68%,73%,65%,52%,60%,67%,65%,54%,70%,61%,46%,68%,66%,66%,72%,70%,67%,68%,67%,71%,65%,56%,67%,67%,61%,51%,59%,64%,68%,61%,60%,56%,70%,64%,69%,68%,68%,57%,,65%,73%,69%,,64%,70%,,71%,67%,65%,68%,,67%,70%,,67%,67%,71%,70%,68%,,67%,63%,53%,65%,67%,71%,70%,64%,71%,68%,73%,72%,71%,74%,65%,62%,71%,63%,,69%,55%,,68%,61%,,67%,67%,,68%,63%,59%,,67%,68%,61%,72%,64%,71%,66%,61%
,,,,,,,,,,,,,,,,,,,,,,,,,,,,,,,,,,,,,,,,,,,,,,,,,,,,,,,,,,,,,,,,,,,,,,,,,,,,,,,,,,,,,,,,,,,,,,,,,,,,,,,,,,,,,,,,,,,,,,,,,,,,,,,,,,,,,,,,,,,,,,,,,,,,,,,,,,,,,,,,,,,
Pay and benefits ,,,,,,,,,,,,,,,,,,,,,,,,,,,,,,,,,,,,,,,,,,,,,,,,,,,,,,,,,,,,,,,,,,,,,,,,,,,,,,,,,,,,,,,,,,,,,,,,,,,,,,,,,,,,,,,,,,,,,,,,,,,,,,,,,,,,,,,,,,,,,,,,,,,,,,,,,,,,,,,,,,,
B37. I feel that my pay adequately reflects my performance ,,22%,24%,30%,38%,39%,,27%,25%,28%,28%,29%,,28%,27%,28%,28%,26%,25%,27%,27%,28%,,36%,29%,24%,22%,21%,,45%,33%,28%,25%,24%,,45%,33%,29%,25%,24%,,25%,32%,,27%,27%,34%,,26%,43%,36%,42%,51%,50%,,25%,33%,31%,30%,26%,,26%,26%,22%,17%,28%,33%,22%,33%,31%,18%,21%,16%,15%,23%,26%,33%,32%,33%,38%,35%,27%,31%,31%,38%,32%,38%,31%,26%,29%,38%,38%,22%,46%,27%,29%,21%,43%,38%,31%,26%,,27%,39%,36%,,25%,31%,,33%,30%,28%,24%,,28%,28%,,28%,32%,28%,26%,28%,,29%,30%,17%,28%,34%,30%,34%,29%,25%,30%,32%,31%,32%,29%,22%,21%,30%,23%,,29%,20%,,29%,24%,,28%,28%,,29%,28%,25%,,29%,29%,25%,26%,26%,30%,23%,22%
B38. I am satisfied with the total benefits package ,,28%,30%,33%,38%,41%,,31%,30%,35%,30%,31%,,33%,31%,29%,34%,32%,28%,32%,32%,32%,,39%,32%,29%,27%,25%,,45%,35%,31%,30%,29%,,45%,34%,32%,31%,28%,,29%,36%,,30%,33%,36%,,30%,43%,39%,25%,35%,43%,,30%,35%,32%,33%,26%,,31%,33%,29%,23%,34%,33%,20%,33%,38%,19%,28%,16%,15%,27%,31%,37%,34%,37%,42%,36%,29%,33%,33%,38%,31%,41%,32%,34%,29%,41%,37%,23%,44%,30%,35%,25%,44%,41%,33%,26%,,31%,42%,41%,,28%,37%,,38%,34%,31%,28%,,33%,29%,,33%,33%,29%,27%,31%,,33%,31%,18%,32%,37%,32%,36%,29%,27%,30%,28%,34%,32%,29%,25%,21%,31%,27%,,33%,24%,,33%,28%,,32%,32%,,33%,30%,26%,,33%,34%,27%,27%,28%,31%,25%,26%
B39. Compared to people doing a similar job in other organisations I feel my pay is reasonable ,,22%,22%,24%,30%,30%,,24%,23%,26%,27%,24%,,26%,25%,23%,26%,24%,22%,23%,25%,26%,,32%,25%,22%,20%,19%,,41%,29%,25%,22%,21%,,42%,29%,26%,22%,21%,,23%,27%,,24%,26%,31%,,23%,40%,30%,40%,42%,43%,,23%,27%,25%,25%,22%,,26%,27%,21%,18%,27%,27%,19%,28%,27%,16%,21%,12%,12%,20%,23%,26%,28%,28%,34%,28%,20%,28%,25%,30%,29%,30%,25%,25%,22%,32%,29%,16%,42%,25%,21%,15%,38%,29%,24%,22%,,24%,33%,31%,,21%,29%,,30%,26%,24%,22%,,25%,25%,,25%,28%,24%,24%,24%,,25%,26%,17%,24%,32%,29%,29%,25%,23%,27%,27%,27%,27%,27%,21%,21%,26%,21%,,26%,18%,,26%,21%,,25%,25%,,26%,25%,23%,,25%,26%,22%,22%,21%,27%,22%,21%
,,,,,,,,,,,,,,,,,,,,,,,,,,,,,,,,,,,,,,,,,,,,,,,,,,,,,,,,,,,,,,,,,,,,,,,,,,,,,,,,,,,,,,,,,,,,,,,,,,,,,,,,,,,,,,,,,,,,,,,,,,,,,,,,,,,,,,,,,,,,,,,,,,,,,,,,,,,,,,,,,,,
Leadership and managing change ,,,,,,,,,,,,,,,,,,,,,,,,,,,,,,,,,,,,,,,,,,,,,,,,,,,,,,,,,,,,,,,,,,,,,,,,,,,,,,,,,,,,,,,,,,,,,,,,,,,,,,,,,,,,,,,,,,,,,,,,,,,,,,,,,,,,,,,,,,,,,,,,,,,,,,,,,,,,,,,,,,,
B40. I feel that [my organisation] as a whole is managed well ,,37%,37%,39%,45%,70%,,37%,39%,42%,35%,59%,,35%,33%,44%,39%,37%,31%,32%,37%,36%,,48%,41%,38%,34%,30%,,57%,46%,43%,38%,35%,,56%,44%,44%,39%,36%,,35%,47%,,39%,37%,51%,,38%,53%,55%,55%,46%,52%,,37%,44%,50%,38%,30%,,41%,41%,34%,27%,40%,34%,23%,39%,48%,34%,36%,19%,11%,38%,40%,40%,46%,46%,46%,41%,36%,39%,43%,60%,45%,55%,50%,29%,27%,50%,55%,25%,37%,38%,35%,33%,44%,47%,42%,30%,,38%,63%,52%,,37%,45%,,48%,43%,39%,35%,,40%,50%,,40%,47%,50%,51%,53%,,40%,40%,22%,46%,47%,53%,47%,46%,47%,52%,55%,53%,54%,61%,39%,41%,64%,45%,,42%,30%,,41%,37%,,39%,42%,,41%,40%,32%,,39%,43%,36%,50%,38%,55%,44%,34%
B41. [Senior managers] in [my organisation] are sufficiently visible ,,42%,42%,49%,58%,79%,,45%,43%,47%,46%,67%,,43%,37%,54%,45%,44%,38%,40%,44%,44%,,55%,50%,45%,40%,36%,,62%,55%,52%,46%,42%,,60%,51%,53%,48%,43%,,42%,55%,,47%,42%,57%,,45%,58%,68%,58%,49%,58%,,43%,52%,64%,47%,37%,,48%,44%,43%,36%,40%,48%,33%,41%,57%,40%,41%,39%,13%,41%,46%,48%,51%,55%,54%,50%,44%,47%,54%,71%,49%,66%,64%,43%,36%,56%,70%,33%,38%,49%,52%,40%,50%,58%,49%,37%,,45%,70%,60%,,45%,51%,,56%,51%,46%,40%,,47%,56%,,47%,56%,55%,57%,61%,,46%,48%,32%,55%,53%,61%,57%,56%,53%,55%,59%,63%,61%,64%,47%,48%,66%,54%,,49%,36%,,48%,44%,,46%,49%,,48%,48%,40%,,47%,48%,46%,55%,51%,58%,49%,40%
B42. I believe the actions of [senior managers] are consistent with [my organisation's] values ,,38%,39%,44%,51%,77%,,41%,40%,42%,41%,63%,,41%,36%,47%,42%,40%,36%,37%,41%,40%,,51%,45%,41%,37%,33%,,57%,50%,46%,42%,38%,,57%,48%,47%,43%,39%,,38%,51%,,43%,39%,51%,,41%,55%,60%,53%,48%,57%,,40%,46%,56%,43%,35%,,43%,42%,37%,32%,40%,43%,31%,41%,54%,38%,37%,31%,12%,42%,43%,43%,46%,49%,46%,44%,37%,41%,46%,63%,47%,57%,56%,40%,40%,49%,58%,31%,41%,45%,45%,38%,41%,50%,46%,35%,,41%,66%,55%,,42%,46%,,51%,46%,42%,38%,,43%,50%,,43%,49%,49%,49%,56%,,43%,43%,24%,51%,48%,51%,51%,48%,47%,48%,53%,59%,55%,58%,37%,41%,64%,46%,,45%,32%,,44%,40%,,43%,45%,,44%,43%,35%,,43%,45%,41%,49%,46%,53%,44%,36%
B43. I believe that [the board has] a clear vision for the future of [my organisation] ,,37%,39%,42%,44%,64%,,39%,39%,43%,38%,50%,,40%,35%,41%,42%,40%,34%,35%,40%,39%,,45%,41%,39%,37%,33%,,47%,42%,40%,38%,38%,,46%,38%,41%,39%,39%,,36%,47%,,40%,39%,47%,,39%,46%,43%,47%,42%,44%,,40%,45%,40%,36%,30%,,40%,40%,37%,34%,42%,38%,25%,37%,50%,42%,37%,36%,16%,43%,44%,42%,46%,47%,46%,46%,39%,38%,45%,56%,44%,53%,40%,32%,33%,44%,41%,27%,34%,37%,37%,33%,36%,41%,42%,30%,,39%,47%,49%,,38%,45%,,42%,42%,42%,39%,,41%,48%,,41%,44%,47%,51%,50%,,41%,37%,25%,41%,47%,42%,45%,42%,45%,47%,53%,53%,51%,59%,40%,41%,57%,40%,,42%,33%,,41%,40%,,40%,42%,,42%,39%,35%,,38%,44%,37%,47%,36%,51%,43%,35%
"B44. Overall, I have confidence in the decisions made by [my organisation's senior managers] ",,31%,32%,37%,45%,75%,,34%,35%,36%,32%,54%,,32%,28%,41%,35%,33%,28%,30%,34%,33%,,45%,38%,34%,30%,26%,,54%,44%,39%,35%,31%,,53%,41%,41%,36%,32%,,31%,45%,,36%,32%,46%,,34%,50%,56%,51%,43%,53%,,33%,41%,49%,36%,28%,,37%,35%,30%,24%,34%,34%,23%,35%,46%,32%,30%,19%,9%,31%,36%,38%,42%,44%,43%,37%,32%,34%,41%,60%,41%,54%,49%,29%,31%,46%,53%,25%,34%,36%,36%,30%,38%,44%,39%,28%,,34%,62%,50%,,35%,40%,,45%,39%,36%,31%,,36%,45%,,36%,43%,44%,44%,50%,,36%,37%,21%,44%,40%,46%,45%,42%,41%,45%,51%,52%,50%,53%,32%,36%,58%,41%,,38%,26%,,38%,33%,,36%,38%,,38%,37%,29%,,36%,38%,33%,44%,36%,49%,39%,29%
B45. I feel that change is managed well in [my organisation] ,,30%,28%,26%,30%,57%,,27%,28%,33%,26%,44%,,27%,24%,30%,32%,30%,22%,21%,29%,28%,,35%,29%,28%,26%,24%,,41%,32%,31%,28%,26%,,41%,29%,32%,29%,27%,,27%,33%,,29%,30%,39%,,28%,41%,38%,43%,31%,33%,,29%,30%,32%,25%,20%,,31%,34%,27%,23%,33%,18%,15%,29%,35%,24%,30%,14%,6%,29%,32%,24%,32%,30%,31%,26%,24%,24%,31%,42%,35%,39%,32%,22%,15%,33%,36%,15%,26%,26%,25%,20%,25%,30%,27%,20%,,28%,41%,38%,,27%,34%,,35%,32%,30%,27%,,29%,41%,,29%,35%,42%,41%,42%,,29%,29%,19%,33%,37%,39%,37%,32%,39%,44%,47%,41%,46%,51%,29%,35%,54%,33%,,31%,22%,,30%,28%,,29%,31%,,31%,29%,26%,,28%,32%,29%,42%,27%,47%,36%,26%
B46. When changes are made in [my organisation] they are usually for the better ,,26%,25%,25%,29%,57%,,25%,26%,31%,20%,37%,,25%,21%,27%,30%,27%,20%,20%,27%,24%,,33%,27%,25%,23%,20%,,39%,32%,29%,26%,23%,,38%,29%,31%,27%,24%,,23%,32%,,26%,25%,31%,,25%,38%,34%,39%,32%,30%,,27%,29%,26%,22%,17%,,25%,34%,23%,19%,32%,17%,13%,23%,34%,23%,26%,13%,8%,23%,29%,23%,30%,28%,31%,25%,26%,21%,31%,37%,30%,41%,26%,14%,15%,30%,34%,14%,22%,21%,23%,16%,22%,28%,25%,17%,,25%,40%,39%,,25%,30%,,34%,29%,26%,22%,,26%,36%,,26%,31%,38%,36%,37%,,26%,27%,16%,28%,33%,35%,33%,28%,35%,41%,43%,38%,39%,44%,24%,29%,44%,30%,,28%,20%,,27%,25%,,26%,28%,,28%,28%,24%,,26%,28%,24%,39%,25%,43%,32%,23%
B47. [My organisation] keeps me informed about matters that affect me ,,48%,49%,54%,62%,82%,,51%,50%,52%,46%,61%,,49%,45%,56%,53%,51%,46%,49%,49%,49%,,60%,54%,51%,47%,42%,,65%,57%,53%,50%,49%,,64%,53%,54%,51%,50%,,47%,60%,,52%,50%,61%,,51%,61%,63%,59%,52%,60%,,50%,56%,62%,53%,42%,,50%,53%,47%,40%,53%,48%,37%,49%,63%,41%,48%,41%,21%,57%,53%,55%,52%,57%,59%,56%,49%,53%,60%,66%,52%,68%,62%,45%,46%,62%,67%,46%,47%,49%,62%,50%,57%,59%,53%,42%,,51%,66%,63%,,51%,55%,,56%,55%,53%,51%,,53%,59%,,53%,56%,58%,62%,59%,,53%,52%,34%,57%,57%,62%,59%,53%,57%,57%,60%,63%,61%,68%,55%,55%,62%,52%,,55%,42%,,54%,50%,,52%,53%,,54%,51%,43%,,52%,55%,47%,59%,53%,60%,54%,45%
B48. I have the opportunity to contribute my views before decisions are made that affect me ,,28%,29%,33%,44%,73%,,31%,30%,33%,26%,43%,,30%,27%,36%,32%,31%,27%,29%,31%,30%,,38%,34%,31%,28%,25%,,42%,36%,33%,30%,30%,,40%,33%,33%,31%,31%,,27%,42%,,32%,29%,40%,,31%,40%,45%,39%,38%,46%,,30%,37%,41%,32%,24%,,31%,29%,26%,24%,33%,26%,21%,30%,45%,27%,29%,23%,9%,35%,34%,32%,38%,37%,39%,37%,31%,32%,38%,46%,36%,50%,41%,23%,24%,39%,44%,24%,29%,32%,39%,29%,34%,39%,34%,24%,,31%,43%,42%,,33%,34%,,35%,36%,34%,30%,,33%,38%,,33%,37%,39%,35%,40%,,33%,32%,22%,35%,37%,40%,41%,33%,37%,38%,44%,41%,42%,40%,30%,32%,47%,33%,,34%,24%,,34%,31%,,32%,34%,,34%,33%,28%,,32%,34%,31%,41%,33%,41%,33%,25%
B49. I think it is safe to challenge the way things are done in [my organisation] ,,35%,36%,41%,49%,74%,,38%,37%,40%,32%,47%,,36%,34%,41%,39%,37%,34%,38%,36%,37%,,46%,41%,37%,34%,30%,,51%,44%,41%,38%,36%,,49%,41%,42%,40%,36%,,34%,49%,,39%,36%,46%,,37%,48%,53%,44%,47%,51%,,37%,43%,47%,39%,30%,,35%,41%,34%,33%,39%,30%,27%,37%,51%,32%,36%,28%,11%,38%,40%,39%,41%,44%,44%,40%,38%,38%,44%,55%,42%,57%,47%,31%,34%,45%,55%,39%,33%,34%,50%,37%,40%,47%,42%,30%,,38%,55%,51%,,40%,41%,,46%,43%,40%,36%,,40%,40%,,40%,44%,40%,37%,43%,,40%,39%,28%,41%,45%,47%,46%,40%,39%,40%,44%,44%,44%,42%,32%,31%,48%,37%,,41%,29%,,41%,35%,,39%,40%,,41%,41%,32%,,41%,41%,33%,41%,39%,43%,37%,32%
,,,,,,,,,,,,,,,,,,,,,,,,,,,,,,,,,,,,,,,,,,,,,,,,,,,,,,,,,,,,,,,,,,,,,,,,,,,,,,,,,,,,,,,,,,,,,,,,,,,,,,,,,,,,,,,,,,,,,,,,,,,,,,,,,,,,,,,,,,,,,,,,,,,,,,,,,,,,,,,,,,,
Employee engagement ,,,,,,,,,,,,,,,,,,,,,,,,,,,,,,,,,,,,,,,,,,,,,,,,,,,,,,,,,,,,,,,,,,,,,,,,,,,,,,,,,,,,,,,,,,,,,,,,,,,,,,,,,,,,,,,,,,,,,,,,,,,,,,,,,,,,,,,,,,,,,,,,,,,,,,,,,,,,,,,,,,,
B50. I am proud when I tell others I am part of [my organisation] ,,45%,47%,52%,60%,81%,,49%,48%,51%,45%,76%,,50%,47%,57%,43%,45%,46%,49%,51%,45%,,61%,54%,48%,45%,40%,,71%,64%,58%,52%,44%,,73%,64%,61%,53%,43%,,46%,60%,,52%,44%,60%,,49%,71%,72%,68%,70%,71%,,47%,56%,64%,55%,49%,,51%,46%,43%,33%,52%,54%,42%,59%,61%,53%,41%,28%,35%,48%,48%,55%,62%,53%,61%,52%,47%,53%,53%,68%,60%,67%,64%,51%,62%,61%,68%,47%,63%,53%,53%,55%,55%,53%,55%,49%,,50%,73%,67%,,51%,55%,,63%,55%,49%,46%,,51%,66%,,51%,62%,68%,65%,67%,,51%,52%,31%,64%,63%,66%,62%,61%,65%,70%,73%,65%,72%,76%,51%,53%,76%,60%,,54%,39%,,53%,47%,,51%,54%,,53%,53%,42%,,50%,54%,51%,68%,57%,72%,60%,45%
B51. I would recommend [my organisation] as a great place to work ,,40%,39%,41%,47%,72%,,39%,42%,49%,38%,60%,,38%,35%,46%,38%,38%,34%,38%,40%,38%,,54%,44%,38%,35%,31%,,68%,56%,49%,41%,34%,,68%,54%,52%,43%,35%,,38%,49%,,42%,38%,50%,,40%,65%,61%,65%,60%,63%,,39%,46%,51%,44%,34%,,42%,43%,37%,30%,43%,36%,28%,48%,49%,39%,38%,21%,19%,39%,40%,44%,51%,46%,49%,43%,38%,41%,43%,61%,49%,55%,51%,35%,39%,51%,65%,35%,47%,39%,49%,40%,53%,52%,45%,34%,,40%,72%,60%,,41%,47%,,57%,46%,40%,36%,,42%,57%,,42%,52%,59%,57%,58%,,42%,42%,26%,53%,50%,58%,55%,50%,55%,64%,66%,55%,61%,66%,43%,48%,70%,51%,,45%,31%,,44%,38%,,42%,44%,,44%,45%,36%,,42%,44%,41%,59%,44%,66%,51%,38%
B52. I feel a strong personal attachment to [my organisation] ,,38%,44%,48%,54%,71%,,44%,43%,45%,47%,63%,,46%,45%,47%,42%,42%,43%,44%,46%,43%,,48%,47%,45%,42%,42%,,43%,43%,43%,42%,47%,,46%,45%,44%,43%,45%,,40%,56%,,46%,42%,55%,,45%,48%,44%,44%,50%,51%,,44%,49%,53%,44%,43%,,42%,38%,40%,33%,52%,46%,37%,52%,59%,50%,38%,37%,27%,54%,47%,47%,57%,47%,52%,47%,44%,47%,47%,58%,56%,60%,53%,42%,51%,46%,48%,38%,49%,49%,42%,40%,38%,40%,43%,43%,,45%,49%,55%,,46%,49%,,45%,50%,49%,46%,,46%,54%,,46%,51%,56%,53%,55%,,46%,46%,28%,49%,50%,54%,51%,50%,54%,57%,61%,48%,61%,61%,41%,45%,69%,51%,,48%,39%,,47%,46%,,45%,49%,,47%,46%,40%,,43%,50%,44%,58%,49%,61%,49%,42%
B53. [My organisation] inspires me to do the best in my job ,,40%,40%,40%,45%,70%,,40%,40%,44%,39%,59%,,40%,37%,44%,40%,40%,35%,36%,42%,39%,,51%,42%,38%,36%,34%,,59%,48%,43%,40%,37%,,60%,47%,45%,41%,37%,,38%,48%,,41%,39%,50%,,40%,57%,55%,56%,55%,56%,,41%,43%,48%,39%,34%,,42%,43%,36%,32%,47%,38%,29%,45%,51%,38%,38%,23%,21%,34%,42%,42%,50%,44%,46%,39%,37%,40%,40%,55%,48%,54%,48%,35%,35%,48%,51%,29%,44%,39%,37%,35%,42%,42%,41%,34%,,40%,59%,57%,,39%,47%,,49%,44%,42%,39%,,42%,55%,,42%,50%,57%,55%,55%,,41%,42%,22%,48%,48%,54%,50%,50%,54%,59%,63%,52%,59%,64%,44%,47%,64%,49%,,44%,32%,,43%,40%,,42%,43%,,43%,43%,35%,,39%,45%,40%,57%,42%,61%,51%,37%
B54. [My organisation] motivates me to help it achieve its objectives,,38%,38%,37%,44%,70%,,37%,38%,42%,37%,57%,,38%,35%,41%,39%,38%,32%,33%,40%,37%,,49%,40%,36%,34%,31%,,58%,45%,41%,37%,35%,,59%,44%,43%,39%,35%,,36%,46%,,39%,38%,48%,,38%,55%,53%,53%,51%,53%,,39%,41%,46%,36%,31%,,39%,43%,35%,32%,45%,34%,26%,40%,49%,36%,37%,23%,16%,31%,40%,39%,47%,42%,44%,38%,35%,37%,38%,54%,45%,51%,46%,34%,31%,45%,50%,26%,41%,36%,34%,30%,39%,39%,38%,31%,,38%,57%,55%,,37%,45%,,47%,42%,40%,37%,,40%,53%,,40%,47%,54%,52%,53%,,39%,41%,24%,47%,46%,51%,47%,47%,51%,58%,62%,50%,58%,61%,40%,45%,63%,47%,,42%,30%,,41%,38%,,40%,41%,,41%,41%,34%,,38%,43%,39%,54%,38%,60%,49%,34%
,,,,,,,,,,,,,,,,,,,,,,,,,,,,,,,,,,,,,,,,,,,,,,,,,,,,,,,,,,,,,,,,,,,,,,,,,,,,,,,,,,,,,,,,,,,,,,,,,,,,,,,,,,,,,,,,,,,,,,,,,,,,,,,,,,,,,,,,,,,,,,,,,,,,,,,,,,,,,,,,,,,
Taking action ,,,,,,,,,,,,,,,,,,,,,,,,,,,,,,,,,,,,,,,,,,,,,,,,,,,,,,,,,,,,,,,,,,,,,,,,,,,,,,,,,,,,,,,,,,,,,,,,,,,,,,,,,,,,,,,,,,,,,,,,,,,,,,,,,,,,,,,,,,,,,,,,,,,,,,,,,,,,,,,,,,,
B55. I believe that [senior managers] in [my organisation] will take action on the results from this survey ,,33%,36%,41%,53%,81%,,38%,36%,38%,36%,54%,,36%,32%,45%,39%,38%,33%,33%,37%,37%,,46%,41%,39%,34%,31%,,51%,44%,42%,38%,36%,,48%,39%,42%,39%,38%,,34%,50%,,39%,37%,52%,,38%,47%,58%,48%,47%,52%,,37%,44%,53%,40%,28%,,37%,37%,35%,33%,38%,38%,27%,32%,53%,33%,35%,30%,12%,44%,41%,40%,41%,45%,47%,45%,34%,39%,46%,61%,40%,61%,53%,40%,27%,47%,61%,27%,32%,42%,47%,36%,48%,49%,40%,28%,,38%,62%,51%,,37%,44%,,43%,43%,41%,37%,,40%,47%,,40%,45%,46%,47%,50%,,40%,42%,22%,46%,42%,48%,48%,42%,44%,44%,50%,53%,52%,53%,39%,39%,60%,40%,,42%,30%,,41%,38%,,39%,41%,,41%,40%,31%,,39%,42%,38%,47%,43%,49%,43%,32%
B56. I believe that managers where I work will take action on the results from this survey ,,46%,50%,55%,67%,87%,,52%,50%,52%,47%,57%,,50%,47%,57%,52%,53%,47%,48%,50%,51%,,60%,55%,52%,47%,43%,,60%,54%,53%,51%,51%,,57%,51%,53%,52%,53%,,47%,64%,,52%,53%,60%,,52%,56%,67%,57%,54%,60%,,51%,55%,66%,51%,41%,,48%,51%,48%,51%,56%,49%,40%,39%,68%,39%,49%,49%,24%,54%,56%,52%,47%,56%,57%,55%,46%,52%,59%,70%,49%,72%,66%,50%,35%,56%,69%,37%,44%,53%,61%,49%,61%,64%,52%,41%,,52%,70%,64%,,50%,58%,,55%,56%,55%,52%,,54%,54%,,54%,56%,53%,55%,55%,,54%,54%,37%,56%,54%,59%,59%,53%,53%,51%,55%,56%,58%,58%,51%,47%,60%,49%,,55%,45%,,54%,52%,,53%,54%,,54%,53%,42%,,53%,56%,47%,55%,57%,54%,50%,46%
"B57. Where I work, I think effective action has been taken on the results of the last survey",,32%,36%,36%,44%,75%,,35%,33%,36%,33%,44%,,35%,32%,38%,38%,38%,29%,29%,36%,36%,,35%,38%,39%,34%,31%,,27%,34%,37%,36%,37%,,25%,29%,35%,36%,38%,,30%,47%,,35%,38%,44%,,36%,30%,39%,30%,28%,35%,,37%,36%,44%,30%,23%,,33%,36%,33%,39%,43%,27%,22%,25%,52%,28%,36%,24%,9%,30%,42%,33%,34%,39%,39%,35%,27%,32%,38%,49%,35%,52%,44%,29%,16%,35%,40%,17%,24%,35%,30%,25%,34%,37%,29%,23%,,35%,36%,40%,,32%,42%,,33%,39%,40%,37%,,36%,41%,,36%,38%,41%,43%,41%,,36%,37%,26%,37%,37%,44%,41%,36%,40%,38%,42%,43%,45%,48%,37%,37%,51%,32%,,37%,30%,,36%,37%,,35%,38%,,37%,35%,28%,,33%,40%,33%,43%,37%,42%,38%,29%
,,,,,,,,,,,,,,,,,,,,,,,,,,,,,,,,,,,,,,,,,,,,,,,,,,,,,,,,,,,,,,,,,,,,,,,,,,,,,,,,,,,,,,,,,,,,,,,,,,,,,,,,,,,,,,,,,,,,,,,,,,,,,,,,,,,,,,,,,,,,,,,,,,,,,,,,,,,,,,,,,,,
Organisational culture,,,,,,,,,,,,,,,,,,,,,,,,,,,,,,,,,,,,,,,,,,,,,,,,,,,,,,,,,,,,,,,,,,,,,,,,,,,,,,,,,,,,,,,,,,,,,,,,,,,,,,,,,,,,,,,,,,,,,,,,,,,,,,,,,,,,,,,,,,,,,,,,,,,,,,,,,,,,,,,,,,,
B58. I am trusted to carry out my job effectively ,,86%,85%,87%,88%,94%,,86%,86%,88%,85%,89%,,86%,85%,86%,86%,85%,86%,87%,86%,86%,,90%,88%,86%,85%,83%,,91%,89%,87%,86%,85%,,92%,90%,88%,86%,85%,,85%,89%,,86%,87%,89%,,86%,91%,89%,93%,92%,92%,,86%,88%,87%,88%,85%,,90%,83%,84%,86%,86%,82%,84%,89%,90%,79%,86%,80%,67%,91%,86%,87%,90%,89%,89%,87%,87%,88%,87%,93%,88%,89%,87%,85%,93%,87%,92%,88%,91%,85%,90%,88%,90%,91%,92%,85%,,86%,91%,90%,,86%,89%,,90%,88%,87%,87%,,88%,88%,,88%,88%,89%,86%,85%,,88%,85%,72%,88%,89%,88%,89%,86%,89%,89%,91%,87%,89%,87%,87%,79%,87%,82%,,89%,79%,,88%,85%,,87%,88%,,88%,84%,77%,,87%,89%,81%,90%,87%,90%,87%,81%
"B59. I believe I would be supported if I try a new idea, even if it may not work ",,59%,64%,70%,73%,86%,,65%,63%,67%,62%,68%,,64%,64%,67%,65%,63%,64%,67%,64%,64%,,72%,69%,66%,61%,57%,,71%,68%,67%,65%,65%,,69%,67%,67%,66%,64%,,61%,76%,,66%,63%,68%,,65%,69%,77%,66%,75%,79%,,63%,71%,72%,68%,61%,,68%,56%,58%,62%,65%,51%,63%,67%,79%,51%,60%,59%,34%,62%,67%,68%,72%,73%,73%,69%,69%,70%,71%,81%,65%,78%,72%,56%,72%,74%,78%,67%,69%,59%,77%,69%,71%,79%,70%,61%,,65%,80%,75%,,66%,69%,,71%,70%,67%,63%,,68%,63%,,68%,67%,64%,60%,63%,,68%,66%,49%,65%,66%,64%,70%,65%,64%,62%,65%,64%,62%,60%,61%,54%,67%,59%,,69%,55%,,68%,62%,,66%,67%,,68%,65%,54%,,68%,68%,56%,65%,65%,63%,64%,57%
"B60. My performance is evaluated based on whether I get things done, rather than solely follow process ",,54%,58%,64%,70%,86%,,60%,58%,59%,57%,69%,,59%,57%,64%,58%,57%,57%,59%,59%,59%,,65%,64%,61%,56%,52%,,63%,64%,62%,59%,59%,,61%,62%,62%,60%,59%,,55%,71%,,60%,59%,65%,,60%,63%,73%,60%,70%,72%,,57%,67%,72%,62%,55%,,61%,49%,53%,56%,61%,52%,53%,63%,73%,48%,57%,46%,35%,56%,62%,64%,65%,68%,69%,68%,61%,65%,67%,78%,62%,78%,72%,50%,62%,70%,73%,56%,65%,55%,65%,60%,65%,69%,66%,55%,,60%,71%,67%,,59%,65%,,63%,64%,62%,60%,,62%,63%,,62%,64%,65%,62%,62%,,62%,62%,41%,64%,62%,65%,67%,63%,64%,64%,64%,66%,66%,63%,60%,54%,67%,54%,,63%,51%,,62%,58%,,61%,62%,,62%,59%,49%,,61%,63%,54%,66%,63%,65%,63%,51%
"B61. When I talk about [my organisation] I say ""we"" rather than ""they ",,51%,58%,67%,78%,89%,,60%,59%,59%,55%,73%,,58%,55%,68%,56%,59%,55%,58%,60%,60%,,68%,65%,61%,56%,51%,,69%,68%,65%,61%,59%,,67%,66%,66%,62%,60%,,56%,73%,,62%,56%,67%,,61%,68%,74%,64%,66%,68%,,58%,68%,78%,62%,53%,,54%,56%,56%,53%,63%,63%,53%,53%,73%,57%,53%,57%,30%,69%,63%,68%,65%,68%,68%,67%,62%,62%,72%,79%,62%,84%,78%,58%,58%,74%,77%,52%,54%,63%,69%,60%,60%,62%,62%,53%,,60%,78%,74%,,62%,64%,,65%,65%,63%,60%,,62%,69%,,62%,68%,72%,66%,69%,,62%,64%,39%,69%,64%,71%,71%,68%,71%,71%,74%,73%,75%,72%,58%,57%,71%,62%,,64%,53%,,63%,59%,,62%,64%,,63%,64%,50%,,62%,64%,57%,74%,66%,72%,68%,53%
B62. I have some really good friendships at work ,,82%,82%,78%,76%,80%,,79%,80%,85%,82%,80%,,81%,80%,75%,83%,82%,79%,78%,81%,81%,,78%,79%,80%,81%,81%,,72%,77%,79%,80%,81%,,76%,79%,79%,79%,80%,,80%,80%,,79%,84%,80%,,80%,79%,68%,77%,77%,75%,,82%,77%,74%,76%,76%,,80%,84%,82%,84%,85%,73%,78%,80%,80%,81%,83%,78%,80%,78%,81%,78%,78%,76%,79%,70%,77%,72%,77%,81%,78%,76%,74%,77%,77%,77%,72%,75%,79%,79%,72%,76%,67%,72%,73%,76%,,80%,70%,81%,,76%,85%,,82%,81%,81%,79%,,81%,81%,,81%,78%,83%,80%,79%,,81%,78%,69%,73%,78%,78%,77%,78%,82%,83%,84%,80%,82%,82%,78%,79%,84%,75%,,81%,77%,,80%,81%,,80%,81%,,81%,77%,71%,,79%,83%,75%,83%,75%,84%,81%,77%
,,,,,,,,,,,,,,,,,,,,,,,,,,,,,,,,,,,,,,,,,,,,,,,,,,,,,,,,,,,,,,,,,,,,,,,,,,,,,,,,,,,,,,,,,,,,,,,,,,,,,,,,,,,,,,,,,,,,,,,,,,,,,,,,,,,,,,,,,,,,,,,,,,,,,,,,,,,,,,,,,,,
Leadership statement 4,,,,,,,,,,,,,,,,,,,,,,,,,,,,,,,,,,,,,,,,,,,,,,,,,,,,,,,,,,,,,,,,,,,,,,,,,,,,,,,,,,,,,,,,,,,,,,,,,,,,,,,,,,,,,,,,,,,,,,,,,,,,,,,,,,,,,,,,,,,,,,,,,,,,,,,,,,,,,,,,,,,
B63 My manager inspires my team to do our best,,69%,65%,67%,69%,84%,,67%,66%,71%,67%,70%,,66%,63%,68%,69%,68%,63%,64%,66%,66%,,75%,68%,65%,63%,61%,,76%,69%,67%,66%,66%,,76%,69%,68%,67%,66%,,66%,71%,,66%,70%,68%,,67%,75%,73%,74%,72%,75%,,68%,68%,71%,65%,59%,,68%,74%,66%,70%,69%,63%,58%,64%,73%,50%,68%,62%,50%,66%,68%,67%,67%,68%,69%,66%,64%,65%,68%,77%,65%,75%,71%,58%,61%,69%,74%,59%,66%,64%,63%,60%,68%,73%,68%,59%,,67%,79%,75%,,66%,72%,,72%,70%,68%,67%,,68%,72%,,68%,71%,72%,73%,69%,,69%,68%,51%,68%,71%,73%,73%,68%,71%,73%,76%,70%,72%,76%,69%,66%,72%,65%,,69%,62%,,69%,67%,,68%,69%,,69%,66%,60%,,67%,70%,63%,73%,66%,74%,71%,64%
B64 [Senior managers] inspire people across [my organisation] to do their best,,35%,33%,36%,43%,74%,,35%,33%,37%,35%,59%,,34%,30%,40%,37%,35%,29%,30%,36%,34%,,45%,38%,35%,31%,29%,,52%,43%,40%,35%,32%,,52%,41%,41%,36%,33%,,33%,44%,,37%,34%,46%,,35%,50%,54%,49%,45%,49%,,35%,40%,47%,35%,29%,,39%,38%,32%,30%,36%,34%,23%,38%,46%,28%,33%,20%,10%,26%,37%,37%,44%,42%,42%,35%,31%,33%,40%,56%,43%,53%,47%,35%,28%,43%,50%,24%,36%,36%,33%,28%,35%,41%,36%,29%,,35%,59%,49%,,34%,42%,,44%,40%,37%,33%,,37%,50%,,37%,45%,50%,51%,54%,,36%,37%,22%,44%,44%,49%,46%,44%,47%,49%,55%,55%,57%,61%,39%,41%,64%,44%,,39%,28%,,38%,35%,,37%,39%,,38%,37%,33%,,35%,40%,38%,50%,39%,54%,44%,31%
B65 My manager leads our team with confidence,,70%,68%,72%,76%,89%,,70%,69%,73%,69%,73%,,69%,67%,73%,71%,71%,67%,69%,69%,69%,,78%,72%,69%,66%,63%,,79%,73%,71%,69%,69%,,79%,72%,72%,70%,69%,,68%,75%,,70%,71%,71%,,70%,77%,78%,77%,74%,78%,,70%,72%,77%,70%,63%,,69%,76%,68%,71%,70%,70%,63%,68%,77%,56%,69%,68%,50%,68%,71%,72%,70%,73%,72%,72%,68%,69%,74%,82%,68%,79%,77%,62%,69%,72%,80%,66%,69%,69%,72%,67%,75%,78%,75%,63%,,70%,82%,78%,,70%,74%,,76%,73%,72%,70%,,72%,73%,,72%,74%,73%,74%,70%,,72%,72%,56%,72%,74%,77%,76%,72%,72%,74%,77%,72%,73%,77%,71%,67%,73%,67%,,73%,65%,,72%,70%,,71%,72%,,72%,69%,63%,,71%,73%,65%,74%,70%,75%,71%,67%
B66 [Senior managers] lead [my organisation] with confidence,,40%,40%,46%,55%,80%,,43%,41%,44%,43%,67%,,42%,37%,50%,43%,42%,37%,39%,43%,42%,,54%,47%,43%,38%,34%,,60%,53%,49%,44%,40%,,59%,50%,51%,45%,41%,,40%,54%,,45%,41%,53%,,43%,57%,63%,55%,50%,58%,,41%,49%,60%,45%,36%,,44%,44%,39%,36%,42%,44%,31%,43%,55%,34%,39%,32%,15%,40%,45%,47%,49%,51%,51%,49%,40%,44%,52%,67%,49%,63%,60%,40%,36%,53%,64%,35%,43%,44%,48%,41%,52%,53%,48%,36%,,43%,72%,59%,,42%,50%,,54%,49%,44%,39%,,45%,55%,,45%,53%,53%,56%,59%,,45%,44%,27%,54%,52%,55%,56%,52%,50%,53%,58%,62%,60%,65%,44%,45%,68%,49%,,47%,35%,,46%,42%,,44%,47%,,46%,46%,38%,,45%,47%,43%,53%,47%,58%,47%,38%
B67 My manager empowers me to do my job effectively,,66%,66%,73%,77%,89%,,69%,68%,72%,67%,74%,,68%,66%,71%,69%,69%,67%,70%,68%,68%,,76%,72%,69%,65%,62%,,77%,72%,69%,68%,69%,,76%,71%,70%,68%,68%,,66%,77%,,69%,68%,69%,,69%,75%,78%,73%,76%,79%,,68%,74%,77%,69%,63%,,67%,70%,65%,70%,69%,67%,64%,70%,78%,56%,65%,68%,50%,71%,71%,74%,74%,74%,75%,75%,71%,71%,76%,80%,70%,80%,77%,63%,71%,74%,79%,68%,69%,64%,74%,66%,73%,77%,73%,63%,,69%,81%,78%,,71%,72%,,73%,72%,72%,70%,,71%,72%,,71%,72%,71%,72%,71%,,71%,70%,55%,72%,71%,75%,75%,70%,71%,71%,73%,73%,73%,75%,68%,66%,75%,65%,,72%,62%,,71%,68%,,70%,71%,,72%,68%,61%,,70%,73%,63%,72%,69%,73%,71%,64%
B68 [My organisation's senior managers] empower teams to deliver,,35%,34%,38%,45%,74%,,36%,35%,39%,37%,61%,,35%,31%,42%,38%,36%,31%,33%,37%,35%,,46%,40%,36%,32%,30%,,52%,44%,41%,36%,34%,,51%,41%,42%,37%,35%,,34%,47%,,38%,35%,46%,,37%,51%,55%,48%,44%,53%,,36%,43%,50%,36%,30%,,39%,38%,32%,32%,37%,33%,25%,40%,49%,32%,34%,24%,11%,34%,39%,40%,46%,45%,43%,39%,34%,34%,43%,57%,45%,55%,50%,39%,34%,45%,53%,30%,35%,35%,37%,28%,37%,43%,37%,30%,,37%,60%,50%,,37%,43%,,45%,42%,39%,35%,,38%,50%,,38%,46%,50%,52%,55%,,38%,38%,23%,46%,43%,46%,47%,45%,47%,49%,54%,58%,57%,61%,41%,40%,65%,45%,,40%,28%,,40%,36%,,38%,40%,,40%,38%,34%,,37%,41%,36%,51%,39%,54%,44%,32%
B69 [Senior managers] in [my organisation] actively role model the behaviours set out in the Civil Service Leadership Statement ,,33%,33%,35%,41%,72%,,34%,32%,36%,33%,52%,,34%,29%,38%,37%,35%,28%,29%,35%,34%,,43%,36%,33%,30%,27%,,49%,40%,38%,34%,32%,,48%,38%,40%,36%,32%,,31%,43%,,35%,33%,41%,,34%,47%,50%,42%,36%,43%,,34%,36%,45%,33%,27%,,36%,38%,31%,28%,36%,33%,22%,32%,46%,29%,32%,25%,11%,33%,37%,35%,35%,39%,37%,34%,29%,30%,37%,53%,34%,50%,45%,35%,26%,40%,47%,23%,32%,34%,33%,28%,34%,39%,35%,27%,,34%,56%,47%,,33%,40%,,42%,38%,35%,32%,,36%,44%,,36%,41%,45%,44%,48%,,35%,35%,20%,41%,42%,41%,42%,39%,43%,46%,45%,50%,51%,52%,34%,36%,58%,38%,,37%,27%,,36%,34%,,35%,37%,,37%,35%,30%,,34%,38%,32%,44%,36%,48%,40%,29%
B70 My manager actively role models the behaviours set out in the Civil Service Leadership Statement,,56%,57%,59%,66%,83%,,57%,56%,62%,59%,59%,,57%,53%,59%,62%,61%,53%,53%,58%,59%,,65%,59%,57%,54%,51%,,66%,59%,58%,57%,57%,,65%,58%,59%,58%,58%,,55%,65%,,57%,59%,57%,,58%,64%,66%,58%,52%,58%,,58%,59%,64%,54%,48%,,54%,64%,56%,60%,61%,55%,48%,47%,69%,45%,57%,60%,40%,58%,61%,58%,54%,60%,61%,60%,53%,52%,61%,70%,51%,71%,64%,54%,46%,59%,64%,42%,55%,56%,59%,51%,59%,61%,54%,48%,,57%,70%,68%,,56%,63%,,62%,61%,60%,59%,,59%,61%,,59%,62%,61%,61%,58%,,59%,61%,43%,59%,61%,62%,64%,61%,60%,63%,62%,59%,60%,65%,57%,56%,65%,52%,,60%,53%,,59%,58%,,58%,60%,,60%,58%,49%,,58%,61%,51%,60%,58%,63%,60%,54%
,,,,,,,,,,,,,,,,,,,,,,,,,,,,,,,,,,,,,,,,,,,,,,,,,,,,,,,,,,,,,,,,,,,,,,,,,,,,,,,,,,,,,,,,,,,,,,,,,,,,,,,,,,,,,,,,,,,,,,,,,,,,,,,,,,,,,,,,,,,,,,,,,,,,,,,,,,,,,,,,,,,
Future intentions ,,,,,,,,,,,,,,,,,,,,,,,,,,,,,,,,,,,,,,,,,,,,,,,,,,,,,,,,,,,,,,,,,,,,,,,,,,,,,,,,,,,,,,,,,,,,,,,,,,,,,,,,,,,,,,,,,,,,,,,,,,,,,,,,,,,,,,,,,,,,,,,,,,,,,,,,,,,,,,,,,,,
C01. Which of the following statements most reflects your current thoughts about working for [your organisation]?,,,,,,,,,,,,,,,,,,,,,,,,,,,,,,,,,,,,,,,,,,,,,,,,,,,,,,,,,,,,,,,,,,,,,,,,,,,,,,,,,,,,,,,,,,,,,,,,,,,,,,,,,,,,,,,,,,,,,,,,,,,,,,,,,,,,,,,,,,,,,,,,,,,,,,,,,,,,,,,,,,,
I want to leave [my organisation] as soon as possible ,,11%,11%,9%,8%,5%,,11%,11%,9%,10%,7%,,10%,11%,10%,12%,11%,11%,10%,10%,11%,,6%,9%,11%,12%,14%,,5%,8%,10%,10%,11%,,4%,8%,9%,10%,12%,,11%,8%,,10%,10%,7%,,11%,6%,8%,7%,5%,6%,,11%,8%,8%,9%,12%,,9%,12%,11%,13%,10%,10%,13%,7%,8%,14%,13%,14%,22%,6%,11%,8%,7%,8%,8%,9%,11%,10%,8%,6%,8%,7%,8%,11%,8%,10%,7%,9%,7%,11%,8%,10%,8%,7%,9%,12%,,11%,6%,5%,,11%,8%,,8%,8%,10%,11%,,9%,9%,,9%,9%,8%,9%,11%,,9%,11%,29%,9%,9%,11%,8%,10%,8%,10%,9%,10%,7%,8%,9%,13%,11%,11%,,9%,17%,,9%,12%,,10%,9%,,9%,13%,19%,,10%,8%,15%,7%,13%,9%,9%,15%
I want to leave [my organisation] within the next 12 months ,,12%,12%,13%,16%,15%,,13%,11%,10%,8%,13%,,11%,12%,18%,10%,11%,12%,13%,13%,12%,,11%,14%,14%,13%,11%,,13%,18%,18%,15%,11%,,12%,17%,18%,15%,12%,,13%,13%,,13%,12%,11%,,12%,15%,23%,18%,22%,20%,,12%,14%,17%,15%,13%,,12%,12%,11%,10%,12%,14%,13%,9%,11%,9%,11%,10%,16%,16%,11%,13%,10%,13%,14%,12%,16%,11%,14%,17%,10%,16%,17%,13%,12%,21%,23%,16%,11%,13%,18%,16%,15%,16%,13%,13%,,13%,23%,11%,,14%,11%,,15%,12%,10%,12%,,12%,13%,,12%,15%,13%,13%,13%,,12%,15%,14%,15%,14%,14%,15%,15%,13%,13%,12%,18%,13%,12%,13%,15%,7%,13%,,12%,13%,,13%,12%,,13%,11%,,12%,15%,13%,,14%,11%,15%,10%,15%,11%,13%,12%
I want to stay working for [my organisation] for at least the next year ,,21%,21%,27%,34%,36%,,25%,21%,19%,16%,27%,,22%,22%,33%,18%,20%,24%,26%,22%,22%,,28%,27%,24%,22%,18%,,35%,34%,31%,27%,20%,,32%,33%,32%,29%,21%,,23%,26%,,25%,23%,29%,,23%,32%,44%,34%,38%,36%,,21%,28%,35%,33%,24%,,23%,20%,20%,18%,20%,30%,26%,19%,23%,16%,19%,21%,19%,31%,21%,30%,18%,27%,29%,31%,28%,28%,30%,36%,18%,33%,35%,24%,27%,38%,49%,28%,28%,28%,40%,34%,42%,39%,34%,24%,,24%,46%,29%,,26%,23%,,32%,25%,18%,23%,,24%,24%,,24%,28%,23%,22%,29%,,24%,24%,21%,31%,24%,22%,30%,31%,22%,21%,22%,39%,26%,21%,22%,21%,20%,26%,,25%,21%,,25%,21%,,25%,23%,,24%,27%,22%,,27%,22%,27%,21%,32%,20%,22%,21%
I want to stay working for [my organisation] for at least the next three years ,,56%,56%,51%,42%,43%,,51%,56%,62%,67%,53%,,56%,55%,39%,61%,57%,53%,52%,55%,56%,,54%,50%,51%,52%,56%,,48%,39%,41%,47%,58%,,52%,42%,41%,46%,56%,,53%,53%,,52%,55%,53%,,54%,47%,25%,41%,35%,39%,,57%,50%,41%,42%,51%,,56%,56%,57%,59%,58%,45%,48%,65%,58%,61%,57%,55%,42%,46%,57%,49%,64%,51%,49%,49%,45%,51%,48%,41%,64%,44%,41%,52%,52%,32%,20%,47%,53%,48%,33%,40%,36%,38%,44%,51%,,53%,24%,56%,,50%,58%,,44%,54%,63%,54%,,54%,54%,,54%,48%,57%,57%,47%,,55%,49%,36%,45%,53%,53%,47%,44%,57%,56%,57%,33%,54%,59%,55%,51%,62%,50%,,54%,49%,,53%,56%,,52%,58%,,55%,46%,46%,,49%,58%,44%,61%,41%,59%,56%,51%
,,,,,,,,,,,,,,,,,,,,,,,,,,,,,,,,,,,,,,,,,,,,,,,,,,,,,,,,,,,,,,,,,,,,,,,,,,,,,,,,,,,,,,,,,,,,,,,,,,,,,,,,,,,,,,,,,,,,,,,,,,,,,,,,,,,,,,,,,,,,,,,,,,,,,,,,,,,,,,,,,,,
Civil Service Code ,,,,,,,,,,,,,,,,,,,,,,,,,,,,,,,,,,,,,,,,,,,,,,,,,,,,,,,,,,,,,,,,,,,,,,,,,,,,,,,,,,,,,,,,,,,,,,,,,,,,,,,,,,,,,,,,,,,,,,,,,,,,,,,,,,,,,,,,,,,,,,,,,,,,,,,,,,,,,,,,,,,
D01. Are you aware of the Civil Service Code? ,,85%,89%,94%,96%,97%,,90%,90%,88%,92%,72%,,88%,88%,91%,92%,90%,88%,89%,88%,90%,,87%,90%,91%,89%,88%,,79%,84%,88%,89%,92%,,72%,80%,87%,90%,93%,,87%,95%,,89%,89%,85%,,90%,77%,96%,62%,58%,66%,,89%,91%,95%,89%,83%,,86%,88%,89%,90%,88%,91%,90%,75%,95%,84%,88%,96%,85%,94%,92%,93%,78%,92%,94%,96%,88%,92%,93%,95%,80%,96%,95%,94%,89%,91%,93%,84%,80%,93%,95%,87%,92%,91%,87%,83%,,89%,93%,91%,,89%,89%,,83%,89%,92%,92%,,90%,79%,,90%,83%,79%,79%,72%,,91%,91%,79%,84%,82%,79%,85%,84%,82%,78%,72%,72%,77%,76%,83%,81%,63%,77%,,89%,90%,,89%,90%,,89%,89%,,89%,89%,83%,,89%,91%,79%,80%,87%,75%,83%,87%
D02. Are you aware of how to raise a concern under the Civil Service Code? ,,62%,68%,70%,75%,87%,,67%,69%,65%,69%,56%,,67%,67%,66%,72%,69%,66%,65%,68%,68%,,62%,66%,70%,69%,68%,,51%,55%,63%,67%,71%,,44%,48%,60%,67%,73%,,62%,77%,,67%,66%,67%,,68%,51%,71%,44%,38%,46%,,67%,69%,69%,59%,62%,,65%,65%,63%,65%,70%,64%,63%,58%,81%,65%,65%,68%,65%,68%,74%,69%,62%,70%,78%,78%,63%,66%,69%,71%,66%,78%,69%,68%,64%,60%,51%,55%,54%,68%,57%,54%,53%,60%,58%,62%,,67%,48%,63%,,67%,67%,,53%,66%,72%,75%,,68%,58%,,68%,59%,59%,58%,51%,,68%,69%,57%,59%,58%,58%,60%,60%,62%,56%,53%,47%,58%,58%,59%,59%,50%,56%,,67%,67%,,66%,70%,,67%,67%,,67%,65%,59%,,64%,70%,59%,61%,57%,56%,62%,64%
D03. Are you confident that if you raise a concern under the Civil Service Code in [your organisation] it would be investigated properly? ,,59%,61%,66%,75%,88%,,63%,64%,65%,62%,60%,,61%,60%,65%,66%,64%,59%,62%,62%,63%,,69%,65%,64%,60%,57%,,70%,65%,64%,62%,62%,,67%,61%,64%,65%,63%,,59%,73%,,63%,64%,70%,,63%,66%,78%,62%,59%,66%,,62%,67%,72%,64%,53%,,62%,65%,60%,59%,63%,59%,52%,54%,75%,51%,61%,56%,33%,76%,66%,66%,58%,69%,72%,70%,62%,64%,68%,77%,59%,80%,72%,59%,60%,66%,78%,56%,59%,65%,71%,63%,69%,71%,65%,53%,,63%,77%,71%,,63%,67%,,66%,67%,66%,63%,,66%,58%,,66%,61%,59%,56%,57%,,66%,65%,40%,62%,60%,62%,63%,58%,60%,59%,57%,60%,58%,59%,53%,47%,59%,53%,,67%,51%,,66%,61%,,64%,65%,,66%,61%,47%,,65%,67%,51%,61%,60%,59%,59%,53%
,,,,,,,,,,,,,,,,,,,,,,,,,,,,,,,,,,,,,,,,,,,,,,,,,,,,,,,,,,,,,,,,,,,,,,,,,,,,,,,,,,,,,,,,,,,,,,,,,,,,,,,,,,,,,,,,,,,,,,,,,,,,,,,,,,,,,,,,,,,,,,,,,,,,,,,,,,,,,,,,,,,
Wellbeing 5,,,,,,,,,,,,,,,,,,,,,,,,,,,,,,,,,,,,,,,,,,,,,,,,,,,,,,,,,,,,,,,,,,,,,,,,,,,,,,,,,,,,,,,,,,,,,,,,,,,,,,,,,,,,,,,,,,,,,,,,,,,,,,,,,,,,,,,,,,,,,,,,,,,,,,,,,,,,,,,,,,,
"W01. Overall, how satisfied are you with your life nowadays? (% 7-10) 
(0=not at all satisfied, 10=completely satisfied) ",,61%,62%,64%,68%,77%,,62%,66%,65%,65%,66%,,62%,61%,63%,64%,63%,61%,61%,62%,63%,,67%,64%,62%,61%,60%,,69%,65%,63%,63%,62%,,69%,65%,63%,64%,62%,,61%,67%,,62%,68%,74%,,63%,66%,71%,62%,75%,76%,,63%,65%,66%,63%,60%,,63%,62%,62%,62%,64%,64%,61%,61%,67%,65%,61%,59%,55%,70%,64%,64%,62%,66%,67%,66%,62%,61%,66%,68%,63%,70%,66%,62%,55%,66%,74%,59%,67%,62%,61%,60%,67%,65%,65%,60%,,63%,72%,69%,,61%,68%,,66%,64%,63%,67%,,65%,62%,,65%,64%,62%,62%,62%,,65%,63%,47%,66%,61%,62%,64%,66%,62%,63%,60%,64%,64%,62%,62%,59%,65%,58%,,67%,46%,,66%,57%,,64%,64%,,65%,60%,48%,,63%,67%,59%,62%,63%,63%,62%,56%
"W02. Overall, to what extent do you think the things you do in your life are worthwhile? (% 7-10) 
(0=not at all worthwhile, 10=completely worthwhile) ",,66%,69%,71%,75%,85%,,69%,72%,70%,72%,73%,,70%,68%,69%,70%,70%,68%,67%,69%,69%,,72%,70%,69%,68%,67%,,73%,70%,68%,69%,69%,,73%,70%,68%,69%,69%,,67%,74%,,68%,75%,81%,,69%,71%,77%,67%,79%,80%,,69%,71%,72%,69%,67%,,68%,67%,68%,68%,72%,71%,67%,67%,75%,71%,67%,65%,62%,77%,71%,69%,69%,71%,73%,71%,67%,66%,72%,73%,69%,77%,72%,71%,64%,71%,74%,65%,75%,71%,65%,67%,75%,66%,69%,67%,,69%,74%,74%,,67%,74%,,69%,71%,71%,74%,,71%,70%,,71%,71%,69%,73%,69%,,71%,70%,52%,73%,69%,73%,69%,72%,69%,68%,65%,70%,71%,73%,73%,70%,71%,68%,,73%,54%,,72%,67%,,69%,73%,,72%,64%,53%,,68%,74%,65%,70%,69%,69%,69%,62%
"W03. Overall, how happy did you feel yesterday? (% 7-10) 
(0=not at all happy, 10=completely happy) ",,59%,61%,62%,64%,74%,,60%,63%,61%,65%,66%,,61%,60%,61%,61%,61%,59%,59%,60%,59%,,63%,61%,60%,59%,59%,,65%,62%,61%,60%,60%,,65%,62%,61%,60%,60%,,59%,64%,,59%,66%,71%,,61%,64%,67%,61%,73%,70%,,61%,62%,62%,60%,59%,,61%,58%,59%,59%,63%,60%,59%,61%,64%,63%,59%,57%,52%,63%,62%,60%,63%,62%,65%,65%,59%,60%,63%,63%,62%,68%,62%,63%,56%,62%,67%,57%,65%,60%,58%,57%,65%,61%,60%,59%,,61%,66%,65%,,59%,65%,,61%,62%,62%,66%,,62%,62%,,62%,62%,62%,64%,62%,,62%,61%,46%,65%,58%,63%,60%,65%,62%,61%,58%,65%,63%,65%,63%,62%,61%,59%,,64%,45%,,63%,56%,,61%,62%,,63%,56%,46%,,59%,65%,59%,62%,59%,61%,61%,53%
"W04. Overall, how anxious did you feel yesterday? (% 0-3) 
(0=not at all anxious, 10=completely anxious) ",,49%,50%,50%,49%,57%,,49%,53%,50%,49%,47%,,49%,51%,47%,50%,49%,51%,51%,50%,50%,,51%,50%,49%,49%,48%,,53%,51%,49%,49%,49%,,53%,50%,49%,50%,49%,,49%,51%,,49%,50%,51%,,49%,52%,49%,53%,60%,56%,,50%,50%,46%,48%,51%,,50%,50%,48%,49%,50%,51%,52%,52%,51%,58%,49%,48%,48%,50%,51%,50%,49%,52%,51%,53%,48%,48%,51%,48%,50%,53%,46%,47%,47%,44%,48%,54%,55%,44%,48%,49%,48%,50%,48%,51%,,50%,46%,51%,,50%,50%,,50%,49%,50%,54%,,51%,46%,,51%,47%,44%,47%,46%,,51%,49%,40%,50%,47%,48%,46%,48%,43%,48%,47%,48%,42%,44%,52%,46%,45%,45%,,52%,38%,,52%,44%,,51%,49%,,51%,45%,40%,,51%,51%,44%,41%,46%,46%,45%,45%
,,,,,,,,,,,,,,,,,,,,,,,,,,,,,,,,,,,,,,,,,,,,,,,,,,,,,,,,,,,,,,,,,,,,,,,,,,,,,,,,,,,,,,,,,,,,,,,,,,,,,,,,,,,,,,,,,,,,,,,,,,,,,,,,,,,,,,,,,,,,,,,,,,,,,,,,,,,,,,,,,,,
"Discrimination, bullying and harassment",,,,,,,,,,,,,,,,,,,,,,,,,,,,,,,,,,,,,,,,,,,,,,,,,,,,,,,,,,,,,,,,,,,,,,,,,,,,,,,,,,,,,,,,,,,,,,,,,,,,,,,,,,,,,,,,,,,,,,,,,,,,,,,,,,,,,,,,,,,,,,,,,,,,,,,,,,,,,,,,,,,
E01. During the past 12 months have you personally experienced discrimination at work? ,,13%,14%,12%,10%,5%,,13%,12%,12%,11%,14%,,14%,14%,12%,12%,14%,14%,13%,14%,13%,,10%,12%,14%,15%,15%,,6%,11%,13%,14%,14%,,6%,11%,13%,14%,14%,,14%,11%,,13%,13%,11%,,13%,9%,8%,8%,6%,8%,,13%,12%,10%,11%,16%,,12%,11%,13%,12%,14%,15%,17%,13%,11%,22%,14%,16%,25%,13%,13%,13%,13%,11%,12%,12%,12%,11%,12%,9%,14%,10%,10%,20%,10%,12%,5%,13%,12%,12%,11%,12%,10%,8%,11%,16%,,13%,7%,11%,,12%,12%,,11%,13%,12%,11%,,12%,15%,,12%,15%,14%,15%,16%,,12%,14%,28%,14%,12%,15%,14%,18%,14%,17%,12%,10%,14%,14%,16%,19%,17%,19%,,10%,28%,,11%,17%,,12%,14%,,12%,19%,24%,,12%,12%,21%,13%,16%,15%,15%,22%
E03. During the past 12 months have you personally experienced bullying or harassment at work? ,,11%,13%,11%,10%,5%,,12%,11%,10%,11%,12%,,13%,13%,11%,11%,11%,13%,12%,12%,11%,,10%,11%,12%,13%,13%,,6%,11%,12%,12%,12%,,6%,10%,11%,12%,12%,,12%,11%,,12%,10%,9%,,12%,8%,7%,6%,7%,6%,,12%,11%,8%,10%,14%,,11%,9%,11%,11%,13%,13%,13%,10%,10%,18%,12%,13%,25%,8%,12%,12%,12%,10%,11%,11%,11%,11%,11%,10%,12%,10%,8%,18%,6%,12%,5%,10%,12%,12%,8%,12%,8%,7%,8%,14%,,12%,6%,10%,,10%,11%,,9%,11%,11%,10%,,11%,13%,,11%,13%,12%,13%,14%,,10%,13%,25%,13%,12%,10%,12%,16%,12%,14%,10%,8%,12%,12%,14%,16%,16%,17%,,9%,23%,,10%,15%,,11%,11%,,10%,17%,21%,,10%,10%,19%,11%,17%,12%,15%,20%
,,,,,,,,,,,,,,,,,,,,,,,,,,,,,,,,,,,,,,,,,,,,,,,,,,,,,,,,,,,,,,,,,,,,,,,,,,,,,,,,,,,,,,,,,,,,,,,,,,,,,,,,,,,,,,,,,,,,,,,,,,,,,,,,,,,,,,,,,,,,,,,,,,,,,,,,,,,,,,,,,,,
Notes,,,,,,,,,,,,,,,,,,,,,,,,,,,,,,,,,,,,,,,,,,,,,,,,,,,,,,,,,,,,,,,,,,,,,,,,,,,,,,,,,,,,,,,,,,,,,,,,,,,,,,,,,,,,,,,,,,,,,,,,,,,,,,,,,,,,,,,,,,,,,,,,,,,,,,,,,,,,,,,,,,,
"1.Except for the engagement index (see note 2) the result for each of the headline themes is calculated as the percentage of strongly agree or agree responses to all questions in that theme. The scores for questions B01-B70 are based on the proportion responding strongly agree or agree. For questions D01-D03, E01 and E03 the score is based on the proportion responding yes.",,,,,,,,,,,,,,,,,,,,,,,,,,,,,,,,,,,,,,,,,,,,,,,,,,,,,,,,,,,,,,,,,,,,,,,,,,,,,,,,,,,,,,,,,,,,,,,,,,,,,,,,,,,,,,,,,,,,,,,,,,,,,,,,,,,,,,,,,,,,,,,,,,,,,,,,,,,,,,,,,,,
2.The employee engagement index is calculated as a weighted average of the responses to the five employee engagement questions (B50-B54) and ranges from 0% to 100%. A score of 0% represents all respondents giving a rating of strongly disagree to all five questions. A score of 100% represents all respondents giving a rating of strongly agree to all five questions.,,,,,,,,,,,,,,,,,,,,,,,,,,,,,,,,,,,,,,,,,,,,,,,,,,,,,,,,,,,,,,,,,,,,,,,,,,,,,,,,,,,,,,,,,,,,,,,,,,,,,,,,,,,,,,,,,,,,,,,,,,,,,,,,,,,,,,,,,,,,,,,,,,,,,,,,,,,,,,,,,,,
3.Phrases in square brackets (e.g. [my organisation]) are used in the core questionnaire to indicate where participating organisations use the relevant local terms (e.g. 'the Cabinet Office' in place of [my/your organisation] or 'Senior Civil Servants' in place of [senior managers]).,,,,,,,,,,,,,,,,,,,,,,,,,,,,,,,,,,,,,,,,,,,,,,,,,,,,,,,,,,,,,,,,,,,,,,,,,,,,,,,,,,,,,,,,,,,,,,,,,,,,,,,,,,,,,,,,,,,,,,,,,,,,,,,,,,,,,,,,,,,,,,,,,,,,,,,,,,,,,,,,,,,
4.Questions on the Leadership Statement were added to the Civil Service People Survey in 2015.,,,,,,,,,,,,,,,,,,,,,,,,,,,,,,,,,,,,,,,,,,,,,,,,,,,,,,,,,,,,,,,,,,,,,,,,,,,,,,,,,,,,,,,,,,,,,,,,,,,,,,,,,,,,,,,,,,,,,,,,,,,,,,,,,,,,,,,,,,,,,,,,,,,,,,,,,,,,,,,,,,,
"5.Following a pilot in 2011, the 2012 Civil Service People Survey questionnaire also included the four subjective wellbeing questions asked by the ONS in the Annual Population Survey as part of their Measuring National Wellbeing programme.",,,,,,,,,,,,,,,,,,,,,,,,,,,,,,,,,,,,,,,,,,,,,,,,,,,,,,,,,,,,,,,,,,,,,,,,,,,,,,,,,,,,,,,,,,,,,,,,,,,,,,,,,,,,,,,,,,,,,,,,,,,,,,,,,,,,,,,,,,,,,,,,,,,,,,,,,,,,,,,,,,,
