"category","uid_txt","regex"
"01: White: English, Welsh, Scottish, Northern Irish or British",,
"02: White: Irish",,
"03: White: Gypsy or Irish Traveller",,
"04: White: Roma",,
"05: White: Any other White background",,
"06: Mixed or Multiple ethnic groups: White and Black Caribbean",,
"07: Mixed or Multiple ethnic groups: White and Black African",,
"08: Mixed or Multiple ethnic groups: White and Asian",,
"09: Mixed or Multiple ethnic groups: Any other Mixed or Multiple ethnic background",,
"1 to 3 years",,
"1 year but less than 3 years",,
"10 years or more",,
"10: Asian or Asian British: Indian",,
"11: Asian or Asian British: Pakistani",,
"12: Asian or Asian British: Bangladeshi",,
"13: Asian or Asian British: Chinese",,
"14: Asian or Asian British: Any other Asian background",,
"15: Black or Black British: African",,
"16 to 34",,
"16-34",,
"16: Black or Black British: Caribbean",,
"17: Black or Black British: Any other Black, Black British or Caribbean background",,
"18: Any other ethnic group: Arab",,
"19: Any other ethnic group: Any other ethnic group",,
"20: Prefer not to say",,
"3 to 5 years",,
"3 years but less than 5 years",,
"35 to 44",,
"35-44",,
"45 to 54",,
"45-54",,
"5 to 10 years",,
"5 years but less than 10 years",,
"55 or higher",,
"55+",,
"AO / AA",,
"AO/AA",,
"Aged 16-34",,
"Aged 35-44",,
"Aged 45-54",,
"Aged 55+",,
"Agree",,
"All Civil Servants",,
"All other gender identities",,
"Analysis",,
"Any other",,
"Any other ethnic group",,
"Any other ethnic group: Any other ethnic group",,
"Any other ethnic group: Arab",,
"Any other religion",,
"Any other, please specify",,
"Apprenticeship Scheme",,
"Asain - Pakistani",,
"Asian",,
"Asian - Bangladeshi",,
"Asian - Chinese",,
"Asian - Indian",,
"Asian - Pakistani",,
"Asian - any other Asian background",,
"Asian or Asian British",,
"Asian or Asian British: Any other Asian background",,
"Asian or Asian British: Bangladeshi",,
"Asian or Asian British: Chinese",,
"Asian or Asian British: Indian",,
"Asian or Asian British: Pakistani",,
"Asian: Any other Asian background",,
"Asian: Bangladeshi",,
"Asian: Chinese",,
"Asian: Indian",,
"Asian: Pakistani",,
"At least 1 year but not more than 3 years",,
"At least 10 years but not more than 20 years",,
"At least 20 years or more",,
"At least 3 years but not more than 5 years",,
"At least 5 years but not more than 10 years",,
"At least 6 months but not more than 1 year",,
"At least one has a degree level qualification",,
"Attended school outside the UK",,
"BAME",,
"BME",,
"Below degree level",,
"Beyond Boundaries",,
"Bisexual",,
"Black",,
"Black - African",,
"Black - Caribbean",,
"Black - any other Black background",,
"Black or Black British",,
"Black or Black British: African",,
"Black or Black British: Any other Black, Black British or Caribbean background",,
"Black or Black British: Caribbean",,
"Black: African",,
"Black: Any other Black, Black British or Caribbean background",,
"Black: Caribbean",,
"British citizen (including English, Northern Irish, Scottish and Welsh)",,
"Buddhist",,
"CS - Commercial",,
"CS - Estates",,
"CS - Finance",,
"CS - Human resources",,
"CS - IT and Digital",,
"CS - Information technology",,
"CS - Internal audit",,
"CS - Knowledge & information management",,
"CS - PO & Secretariats",,
"CS - Private Office",,
"CS - Programme and project management",,
"CS - Project delivery",,
"CS - Security",,
"CS - Strategy",,
"Carer for others",,
"Central Scotland",,
"Christian",,
"Christian (including Church of England, Catholic, Protestant and all other Christian denominations)",,
"Cisgender",,
"Cisgender man",,
"Cisgender woman",,
"Citizen of a Commonwealth member state (other than the United Kingdom, Malta and Cyprus)",,
"Citizen of a European Union member state and or Iceland, Liechtenstein, Norway and Switzerland",,
"Civil Service Fast Stream",,
"Civil Service Fast Stream schemes",,
"Commercial",,
"Communications",,
"Completely",,
"Condition, illness or disability has a lot of impact on your day-to-day activities",,
"Condition, illness or disability has little impact on your day-to-day activities",,
"Condition, illness or disability has no impact on your day-to-day activities",,
"Consular",,
"Contract or freelance worker, where you or your employer invoices [my organisation] directly",,
"Contract or freelance worker, where you or your employer invoices my organisation directly",,
"Contractor/freelancer",,
"Contractual home based worker",,
"Corporate Services",,
"Counter Fraud",,
"Currently on Civil Service Fast Stream schemes",,
"Currently on Other development scheme",,
"Currently or previously on Apprenticeship Scheme",,
"Currently or previously on Civil Service Fast Stream",,
"Currently or previously on Future Leaders Scheme",,
"Currently or previously on High Potential Development Scheme",,
"Currently or previously on Individual Development Programme",,
"Currently or previously on Positive Action Pathway",,
"Currently or previously on Senior Leaders Scheme",,
"Debt Management",,
"Degree level or above",,
"Digital",,
"Digital, Data and Technology",,
"Director Leadership Programme",,
"Disagree",,
"Don't know",,
"Don’t know, Prefer not to say",,
"EO",,
"East Midlands",,
"East Midlands (England)",,
"East of England",,
"Edinburgh & Lothian",,
"England",,
"England (all)",,
"Ethnic Minority",,
"Excellent",,
"Fair",,
"Female",,
"Finance",,
"Fixed term contract",,
"Fixed term, temporary contract, appointment with [my organisation]",,
"Fixed term, temporary contract, appointment with my organisation",,
"Fixed-term contract",,
"Fraud, Error, Debts and Grants",,
"Full-time",,
"Future Leaders Scheme",,
"G6 / 7",,
"G6/7",,
"G6/G7",,
"Gay or Lesbian",,
"Gay or lesbian",,
"Gay, lesbian or bisexual",,
"Gay, lesbian, bisexual or other",,
"Gender identity different from sex registered at birth but no specific identity given",,
"Gender identity the same as sex registered at birth",,
"Glasgow",,
"Good",,
"Government Digital and Data",,
"Grants Management",,
"HR",,
"Has childcare responsibilities",,
"Has childcare responsibilities as a lone parent",,
"Have not participated in or applied for a cross-Civil Service development programme",,
"Heteroseuxal/straight",,
"Heterosexual/straight",,
"High",,
"High Potential Development Scheme",,
"Highlands & Islands",,
"Hindu",,
"Home based",,
"Hybrid",,
"Hybrid (work between workplaces or bases and home or other)",,
"I do not know what that is",,
"I don't know what it is or how to get one",,
"I don't know what this is or how to get one",,
"I identify in another way",,
"Illness/condition has a little impact on daily activity/work",,
"Illness/condition has a lot of impact on daily activity/work",,
"Illness/condition has no impact on daily activity/work (10,154)",,
"In a Job-share",,
"Independent no bursary",,
"Independent or fee-paying school - bursary",,
"Independent or fee-paying school - no bursary",,
"Independent with bursary",,
"Individual Development Programme",,
"Intelligence Analysis",,
"Intermediate",,
"Internal Audit",,
"International Trade",,
"Jewish",,
"Job-share",,
"Jobshare",,
"Knowledge and Information Management",,
"LGB+",,
"Legal",,
"Lesbian, gay bisexual or other (LGBO)",,
"Lesbian, gay, bisexual or other",,
"Less than 1 year",,
"Less than 6 months",,
"Loaned from other CS organisation",,
"London",,
"Long-term limiting condition, illness or disability",,
"Long-term limiting illness or condition",,
"Long-term limiting illness or condition which has an impact on daily activities/work",,
"Lower SEB",,
"Lower socio-economic background",,
"Male",,
"Man",,
"Manager",,
"Mid Scotland & Fife",,
"Mid Wales",,
"Mixed",,
"Mixed - White and Asian",,
"Mixed - White and Black African",,
"Mixed - White and Black Caribbean",,
"Mixed - any other mixed background",,
"Mixed or Multiple ethnic groups",,
"Mixed or Multiple ethnic groups: Any other Mixed or Multiple ethnic background",,
"Mixed or Multiple ethnic groups: White and Asian",,
"Mixed or Multiple ethnic groups: White and Black African",,
"Mixed or Multiple ethnic groups: White and Black Caribbean",,
"Mixed: Any other Mixed or Multiple ethnic background",,
"Mixed: White and Asian",,
"Mixed: White and Black African",,
"Mixed: White and Black Caribbean",,
"Mobile",,
"More than 10 years",,
"Mostly",,
"Muslim",,
"Neither agree nor disagree",,
"Never worked",,
"Never worked or long term unemployed",,
"No",,
"No adjustment required",,
"No childcare responsibilities",,
"No formal qualifications",,
"No long-term condition, illness or disability",,
"No long-term limiting condition, illness or disability",,
"No long-term limiting illness or condition",,
"No long-term limiting illness/condition or an illness/condition has no impact on daily activities/work",,
"No long-term limiting illness/condition or illness/condition has no impact on daily activities/work",,
"No qualifications",,
"No religion",,
"No, I do not have a passport",,
"Non-binary",,
"Non-manager",,
"None of these",,
"North East England",,
"North East Scotland",,
"North Wales",,
"North West England",,
"Northern Ireland",,
"Not a carer",,
"Not and has never been on a development scheme",,
"Not applicable",,
"Not at all",,
"Not lower SEB",,
"Not lower socio-economic background",,
"Not on a development scheme",,
"On loan to [my organisation] from another organisation in the Civil Service",,
"On loan to my organisation from another organisation in the Civil Service",,
"On secondment to [my organisation] from an organisation outside the Civil Service",,
"On secondment to my organisation from an organisation outside the Civil Service",,
"Operational Delivery",,
"Operations",,
"Operations - Administrative",,
"Operations - Call centre",,
"Operations - Casework",,
"Operations - Counter Fraud",,
"Operations - Debt Management and Banking",,
"Operations - Debt management and banking",,
"Operations - Face to Face",,
"Operations - Face to face",,
"Operations - General management",,
"Operations - Inspection",,
"Operations - Investigation",,
"Operations - Logistics",,
"Operations - Management",,
"Operations - Offender management",,
"Operations - Other operations",,
"Operations - Processing",,
"Operations - Property",,
"Operations - Tax",,
"Operations - Tax professional",,
"Operations - Transport",,
"Operations - Voice",,
"Other",,
"Other - Arab",,
"Other - any other background",,
"Other development scheme",,
"Other ethnic group",,
"Other including abroad",,
"Other sexual orientation",,
"Other: Any other ethnic group",,
"Other: Arab",,
"Outside of the United Kingdom",,
"Overseas",,
"Part-time",,
"Partially",,
"Permanent contract",,
"Permanent contract, appointment with [my organisation]",,
"Permanent contract, appointment with my organisation",,
"Policy",,
"Poor",,
"Positive Action Pathway",,
"Prefer not to say",,
"Previously on Civil Service Fast Stream",,
"Previously on Other development scheme",,
"Project Delivery",,
"Property",,
"Qualifications below degree level",,
"Routine",,
"SCS",,
"SEO / HEO",,
"SEO/HEO",,
"Science and Engineering",,
"Scotland",,
"Secondee from outside CS",,
"Security",,
"Senior Leaders Scheme",,
"Sikh",,
"Something else",,
"South East England",,
"South East Wales",,
"South Scotland",,
"South West England",,
"South West Wales",,
"Specialist - Animal health",,
"Specialist - Cartography",,
"Specialist - Comms",,
"Specialist - Communications",,
"Specialist - Economics",,
"Specialist - Engineering",,
"Specialist - Health",,
"Specialist - Legal",,
"Specialist - Operational research",,
"Specialist - Other",,
"Specialist - Scientist",,
"Specialist - Social research",,
"Specialist - Statistics",,
"Specialist services",,
"State non-selective",,
"State selective",,
"State-run or state-funded school - non-selective",,
"State-run or state-funded school - selective on academic, faith or other grounds",,
"Straight or Heterosexual",,
"Straight/heterosexual",,
"Strongly agree",,
"Strongly disagree",,
"Tax Professionals",,
"Temporary worker, where you are employed and paid through an employment agency",,
"Temporary/agency worker",,
"Trans man",,
"Trans woman",,
"Trans-Other",,
"Transgender",,
"Transgender / other",,
"Transgender man",,
"Transgender woman",,
"Transgender/other",,
"Very Good",,
"Wales",,
"West Midlands",,
"West Midlands (England)",,
"West Scotland",,
"White",,
"White - Gypsy/Irish Traveller",,
"White - Irish",,
"White - any other white background",,
"White- British",,
"White: Any other White background",,
"White: British",,
"White: English, Welsh, Scottish, Northern Irish or British",,
"White: Gypsy or Irish Traveller",,
"White: Irish",,
"White: Roma",,
"Woman",,
"Workplace based",,
"Workplace based (work all the time in a workplace or base)",,
"Yes",,
"Yes, and it helps me to get appropriate workplace adjustments and support in place",,
"Yes, as a lone parent",,
"Yes, but it doesn't help me to get appropriate workplace adjustments and support in place",,
"Yorkshire and The Humber (England)",,
"Yorkshire and the Humber",,
